Frequency (B) (Hz),Peak to peak (A) (V),Normalized Peak to Peak (A) (V) ,Peak to peak (B) (V),"Phase (A, B) (Â°)",,,
999.8933,0.06132237,0.236722767,1.745781,86.33771,,Max Peak to Peak=,0.2590472
1000.178,0.06087833,0.235008639,1.745781,84.39706,,,
1000.178,0.05998871,0.231574439,1.745781,82.18805,,,
1000.178,0.06043428,0.233294473,1.745781,85.87488,,,
1000.178,0.06176642,0.238436934,1.745781,82.77107,,,
1000.178,0.05910062,0.228146145,1.745781,85.36601,,,
999.8933,0.06310007,0.243585223,1.745781,82.65131,,,
999.8933,0.06043275,0.233288567,1.736808,86.16692,,,
1000.178,0.06310007,0.243585223,1.736808,86.16692,,,
999.8933,0.06087833,0.235008639,1.745781,84.41965,,,
1000.178,0.06043275,0.233288567,1.745781,85.48621,,,
1000.178,0.06043428,0.233294473,1.745781,84.9042,,,
999.8933,0.06087833,0.235008639,1.736808,86.14362,,,
1000.178,0.06265603,0.241871095,1.745781,83.71743,,,
1000.178,0.06132237,0.236722767,1.745781,84.41938,,,
1000.178,0.06176642,0.238436934,1.745781,83.73994,,,
1000.178,0.06132237,0.236722767,1.745781,84.68353,,,
1000.178,0.06087833,0.235008639,1.745781,87.78977,,,
999.8933,0.05954467,0.229860311,1.745781,86.16693,,,
1000.178,0.05954467,0.229860311,1.736808,86.33817,,,
999.8933,0.06176642,0.238436934,1.745781,82.55467,,,
1000.178,0.05910062,0.228146145,1.745781,85.17293,,,
1000.178,0.06310007,0.243585223,1.745781,82.94232,,,
1000.178,0.06176642,0.238436934,1.745781,82.5539,,,
1000.178,0.06043275,0.233288567,1.745781,85.65799,,,
999.8933,0.06221198,0.240156929,1.745781,84.39581,,,
999.8933,0.0626545,0.241865189,1.745781,82.38241,,,
1000.178,0.05999023,0.231580307,1.745781,86.06948,,,
999.8933,0.05998871,0.231574439,1.745781,84.27764,,,
999.8933,0.06265603,0.241871095,1.745781,82.16577,,,
1000.178,0.06132237,0.236722767,1.745781,84.85386,,,
999.8933,0.06043275,0.233288567,1.745781,85.5606,,,
1000.178,0.06043275,0.233288567,1.745781,85.36724,,,
999.8933,0.06176642,0.238436934,1.745781,83.8146,,,
999.8933,0.06354412,0.245299389,1.754784,82.8454,,,
999.8933,0.06176642,0.238436934,1.745781,83.91177,,,
999.8933,0.06043275,0.233288567,1.727836,85.46343,,,
1000.178,0.06265603,0.241871095,1.745781,84.03147,,,
1000.178,0.06087833,0.235008639,1.736808,85.19546,,,
999.8933,0.05998871,0.231574439,1.745781,85.36627,,,
999.8933,0.06176642,0.238436934,1.745781,84.00893,,,
1000.178,0.06265603,0.241871095,1.745781,83.62073,,,
1000.178,0.05998871,0.231574439,1.745781,85.56034,,,
999.8933,0.06132237,0.236722767,1.745781,86.16616,,,
999.8933,0.06087833,0.235008639,1.736808,84.71162,,,
999.8933,0.06087833,0.235008639,1.745781,85.38932,,,
1000.178,0.06221198,0.240156929,1.745781,85.48722,,,
1000.178,0.06043275,0.233288567,1.736808,86.14362,,,
1000.178,0.06132237,0.236722767,1.745781,84.59142,,,
1000.178,0.06087833,0.235008639,1.745781,86.24027,,,
1000.178,0.0626545,0.241865189,1.745781,82.47957,,,
999.8933,0.06043275,0.233288567,1.736808,86.33768,,,
1000.178,0.05998871,0.231574439,1.736808,85.17244,,,
1000.178,0.05999023,0.231580307,1.745781,85.46344,,,
999.8933,0.06087833,0.235008639,1.745781,85.2929,,,
1000.178,0.06265603,0.241871095,1.745781,81.97088,,,
999.8933,0.06043275,0.233288567,1.745781,85.38957,,,
1000.178,0.06221046,0.240151061,1.745781,84.00864,,,
999.8933,0.06176642,0.238436934,1.754784,83.15872,,,
1000.178,0.05954467,0.229860311,1.745781,85.92598,,,
999.8933,0.05954467,0.229860311,1.745781,85.5606,,,
1000.178,0.0644322,0.248727645,1.736808,81.6804,,,
1000.178,0.05910062,0.228146145,1.745781,85.46342,,,
1000.178,0.06087833,0.235008639,1.745781,84.87975,,,
1000.178,0.06043275,0.233288567,1.745781,85.48674,,,
999.8933,0.05910062,0.228146145,1.745781,85.43709,,,
999.8933,0.05998871,0.231574439,1.736808,86.43459,,,
999.8933,0.06221046,0.240151061,1.745781,83.81457,,,
1000.178,0.05998871,0.231574439,1.754784,84.90497,,,
1000.178,0.05998871,0.231574439,1.736808,86.33794,,,
1000.178,0.05954467,0.229860311,1.745781,86.1431,,,
1000.178,0.05998871,0.231574439,1.745781,85.75566,,,
1000.178,0.05998871,0.231574439,1.745781,85.68106,,,
999.8933,0.06087833,0.235008639,1.745781,84.51632,,,
999.8933,0.05998871,0.231574439,1.736808,89.48744,,,
1000.178,0.06221198,0.240156929,1.736808,86.24078,,,
1000.178,0.06265603,0.241871095,1.745781,84.68785,,,
999.8933,0.06043275,0.233288567,1.745781,85.75279,,,
999.8933,0.06176794,0.238442801,1.745781,84.71141,,,
999.8933,0.06176642,0.238436934,1.745781,82.55393,,,
999.8933,0.06576587,0.253876012,1.736808,84.61394,,,
999.8933,0.06221046,0.240151061,1.745781,83.91228,,,
1000.178,0.06310007,0.243585223,1.736808,84.56459,,,
1000.178,0.05954467,0.229860311,1.754784,86.82199,,,
999.8933,0.05954467,0.229860311,1.745781,85.36677,,,
1000.178,0.06221046,0.240151061,1.736808,84.39762,,,
1500.343,0.08532061,0.329363182,1.691824,84.56431,,,
1499.932,0.08709678,0.336219731,1.691824,84.08718,,,
1499.932,0.08709678,0.336219731,1.691824,83.89653,,,
1500.343,0.08709678,0.336219731,1.691824,84.85158,,,
1500.343,0.08887448,0.343082187,1.691824,82.37284,,,
1499.932,0.09020661,0.348224609,1.691824,81.99084,,,
1499.932,0.08576465,0.331077309,1.691824,84.27737,,,
1500.343,0.08532061,0.329363182,1.691824,84.56471,,,
1499.932,0.08887448,0.343082187,1.691824,81.89493,,,
1499.932,0.08620869,0.332791437,1.691824,85.23316,,,
1500.016,0.08620869,0.332791437,1.691824,85.32605,,,
1499.932,0.08843043,0.341368021,1.691824,82.56306,,,
1499.932,0.08665121,0.334499697,1.691824,86.20763,,,
1500.343,0.08532061,0.329363182,1.691824,84.85157,,,
1499.932,0.08576312,0.331071403,1.691824,85.23319,,,
1499.932,0.08754235,0.337939765,1.691824,82.39471,,,
1999.966,0.115537,0.446007523,1.6198,83.75674,,,
2000.312,0.1137577,0.439138891,1.6198,81.96247,,,
2000.312,0.1110904,0.428842311,1.6198,82.2456,,,
1999.966,0.1128697,0.435710944,1.628803,80.25909,,,
2000.312,0.1128697,0.435710944,1.6198,83.09348,,,
1999.966,0.1119816,0.432282611,1.6198,82.434,,,
1999.787,0.1093142,0.421985646,1.6198,82.41264,,,
1999.966,0.1093143,0.421986032,1.6198,82.97789,,,
1999.966,0.1137577,0.439138891,1.6198,81.11444,,,
1999.787,0.1128697,0.435710944,1.6198,84.0423,,,
2000.312,0.1110904,0.428842311,1.6198,82.15138,,,
2000.312,0.1137608,0.439150857,1.628803,84.13646,,,
1999.966,0.1110935,0.428854278,1.6198,81.39787,,,
1999.787,0.1110904,0.428842311,1.628803,83.37608,,,
2302.72,0.1288644,0.49745529,1.6198,83.07998,,,
2500.082,0.1306436,0.504323536,1.547838,82.47754,,,
2500.082,0.133311,0.514620502,1.547838,81.74481,,,
2500.082,0.1297525,0.500883623,1.547838,82.12231,,,
2500.082,0.1324229,0.511192169,1.547838,82.38338,,,
2500.082,0.1315348,0.507763836,1.547838,82.28918,,,
2500.082,0.1324229,0.511192169,1.547838,82.00597,,,
2500.082,0.1297556,0.50089559,1.547838,83.03998,,,
2500.082,0.1306436,0.504323536,1.547838,82.38339,,,
2500.082,0.1306436,0.504323536,1.547838,83.03996,,,
2500,0.1297525,0.500883623,1.547838,82.38213,,,
2500.082,0.1297556,0.50089559,1.547838,82.75877,,,
2500.082,0.1324198,0.511180202,1.547838,80.78184,,,
2500.082,0.1297525,0.500883623,1.547838,82.28918,,,
2500.082,0.1359752,0.524905114,1.547838,82.38338,,,
2500,0.1306436,0.504323536,1.547838,82.57045,,,
3000.114,0.1493088,0.576376815,1.466811,81.25984,,,
3000.114,0.1493088,0.576376815,1.475814,81.16592,,,
3000.114,0.1484207,0.572948482,1.466811,81.259,,,
3000.114,0.1510849,0.583233094,1.475814,81.44684,,,
3000.895,0.1475326,0.569520149,1.466811,82.0109,,,
3000.114,0.1519761,0.586673394,1.466811,80.69628,,,
3000.114,0.1493088,0.576376815,1.475814,81.91708,,,
3000.114,0.1484207,0.572948482,1.475814,82.10479,,,
3000.114,0.1493088,0.576376815,1.466811,82.19865,,,
3000.114,0.1519761,0.586673394,1.475814,80.79022,,,
3000.114,0.1501969,0.579805147,1.466811,80.79027,,,
3000.114,0.1493088,0.576376815,1.466811,82.01095,,,
3000.114,0.1484207,0.572948482,1.466811,82.01092,,,
3000.114,0.1493088,0.576376815,1.475814,81.16593,,,
3000.114,0.1528642,0.590101727,1.466811,80.60157,,,
3000.114,0.1510849,0.583233094,1.475814,81.46735,,,
3014.082,0.1617481,0.624396249,1.475814,81.44296,,,
3500.406,0.1661946,0.641561075,1.376842,80.03575,,,
3500.406,0.1661946,0.641561075,1.376842,78.9171,,,
3500.406,0.1644185,0.634704795,1.376842,81.24783,,,
3500.406,0.1670858,0.645001374,1.376842,78.73074,,,
3500.406,0.1670827,0.644989407,1.376842,81.34108,,,
3500.406,0.1626392,0.627836163,1.385846,80.129,,,
3500.406,0.1635304,0.631276462,1.376842,81.15462,,,
3499.497,0.1635304,0.631276462,1.385846,80.68845,,,
3500.406,0.1635304,0.631276462,1.394848,79.9425,,,
3500.406,0.1653066,0.638133128,1.36784,79.9425,,,
3500.406,0.1635304,0.631276462,1.36784,80.31455,,,
3500.406,0.1653066,0.638133128,1.385846,79.84926,,,
3500.406,0.1644185,0.634704795,1.376842,79.17633,,,
3500.406,0.1644185,0.634704795,1.376842,79.54919,,,
3500.406,0.1635273,0.631264495,1.376842,81.6207,,,
3500.406,0.1635304,0.631276462,1.376842,80.01538,,,
4000.438,0.1759697,0.679295897,1.304849,79.32182,,,
4000.438,0.177749,0.686164529,1.304849,80.26107,,,
4000.438,0.1777459,0.686152562,1.304849,80.64055,,,
4000.256,0.177749,0.686164529,1.304849,79.88342,,,
4000.438,0.1786371,0.689592862,1.295877,79.02354,,,
4000.438,0.1804132,0.696449141,1.295877,77.83318,,,
4000.438,0.1768578,0.682724229,1.304849,80.16616,,,
4000.438,0.1759697,0.679295897,1.304849,80.71409,,,
4000.438,0.1777459,0.686152562,1.304849,80.42952,,,
4000.256,0.1750816,0.675867564,1.304849,80.73537,,,
4000.438,0.1786371,0.689592862,1.295877,78.85686,,,
3999.401,0.1777459,0.686152562,1.304849,80.44782,,,
3999.401,0.1777459,0.686152562,1.304849,80.64058,,,
4000.438,0.1759697,0.679295897,1.304849,80.35595,,,
4000.438,0.1759697,0.679295897,1.295877,79.13587,,,
4000.438,0.1750816,0.675867564,1.304849,80.9017,,,
4500.987,0.1893002,0.730755631,1.232856,79.37709,,,
4499.822,0.1910794,0.737623877,1.223853,76.23675,,,
4500.288,0.1885556,0.727881251,1.223853,77.87301,,,
4500.288,0.1885556,0.727881251,1.223853,77.50711,,,
4500.987,0.1903195,0.734690435,1.223853,77.13706,,,
4499.822,0.1867977,0.721095229,1.223853,77.98636,,,
4500.987,0.1885556,0.727881251,1.223853,79.00044,,,
4500.288,0.1901914,0.73419593,1.223853,79.49261,,,
4500.987,0.1893033,0.730767598,1.223853,77.965,,,
4499.822,0.1893002,0.730755631,1.223853,77.89227,,,
4499.822,0.1893033,0.730767598,1.223853,78.24734,,,
4500.987,0.187524,0.723898965,1.223853,78.1532,,,
4500.288,0.1884121,0.727327298,1.223853,78.72013,,,
4500.987,0.1884121,0.727327298,1.223853,79.65956,,,
4499.822,0.1910794,0.737623877,1.223853,78.1767,,,
5000.32,0.1973693,0.76190478,1.151891,76.97983,,,
5000.243,0.2008912,0.775500372,1.151891,76.13871,,,
5000.243,0.2008851,0.775476824,1.151891,77.16784,,,
5000.243,0.2008912,0.775500372,1.151891,76.23325,,,
5000.243,0.1973693,0.76190478,1.151891,77.44806,,,
5000.243,0.2008912,0.775500372,1.151891,76.51442,,,
5000.243,0.1973693,0.76190478,1.151891,77.26127,,,
5000.32,0.1973693,0.76190478,1.151891,77.07446,,,
5000.243,0.1973693,0.76190478,1.151891,77.53883,,,
5000.32,0.1973693,0.76190478,1.151891,77.16786,,,
5000.243,0.1973693,0.76190478,1.151891,77.1679,,,
5000.243,0.1973693,0.76190478,1.151891,77.44807,,,
5001.536,0.1973693,0.76190478,1.151891,76.79436,,,
5500.352,0.206177,0.795905148,1.079867,74.91611,,,
5501.05,0.204413,0.789095578,1.079867,75.83736,,,
5501.05,0.206177,0.795905148,1.079867,74.7324,,,
5500.352,0.206177,0.795905148,1.079867,74.75073,,,
5500.352,0.2079409,0.802714332,1.079867,74.82426,,,
5501.05,0.204413,0.789095578,1.08887,76.48811,,,
5499.628,0.2079409,0.802714332,1.079867,74.84264,,,
5501.05,0.2079409,0.802714332,1.079867,74.73241,,,
5499.628,0.206177,0.795905148,1.079867,74.75076,,,
5500.352,0.2079409,0.802714332,1.079867,74.84261,,,
5501.05,0.2079409,0.802714332,1.079867,76.32014,,,
5499.628,0.2079409,0.802714332,1.079867,75.48567,,,
5500.352,0.206177,0.795905148,1.08887,75.57751,,,
5501.05,0.2097049,0.809523901,1.079867,74.65891,,,
5500.352,0.206177,0.795905148,1.079867,74.65887,,,
5499.628,0.204413,0.789095578,1.08887,76.60357,,,
5798.34,0.2132267,0.823119107,1.079867,74.19513,,,
5999.532,0.2114689,0.816333471,1.016877,74.49946,,,
6000.384,0.2132267,0.823119107,1.007904,74.23558,,,
6001.081,0.2114689,0.816333471,1.025849,74.40479,,,
5999.532,0.2114689,0.816333471,1.007904,74.4249,,,
6000.384,0.2132267,0.823119107,1.007904,73.38364,,,
5999.532,0.2132267,0.823119107,1.025849,73.09965,,,
6000.384,0.2114689,0.816333471,1.016877,75.63412,,,
6001.081,0.2114689,0.816333471,1.016877,74.42487,,,
6001.081,0.2114689,0.816333471,1.007904,74.59404,,,
5999.532,0.2114689,0.816333471,1.016877,74.12093,,,
6000.384,0.2149907,0.829928677,1.016877,73.38363,,,
6001.081,0.2114689,0.816333471,1.016877,74.40482,,,
6000.384,0.2114689,0.816333471,1.016877,73.47834,,,
6001.081,0.2167547,0.836738247,1.016877,74.02627,,,
5999.532,0.2132267,0.823119107,1.016877,73.55298,,,
6001.081,0.2114689,0.816333471,1.007904,74.21553,,,
6500.338,0.2185125,0.843523883,0.9538865,73.07846,,,
6500.416,0.2202765,0.850333453,0.9538865,72.43317,,,
6500.338,0.2185125,0.843523883,0.9538865,73.26237,,,
6500.416,0.2185125,0.843523883,0.9538865,73.4493,,,
6500.338,0.2202765,0.850333453,0.9538865,72.52834,,,
6500.416,0.2185125,0.843523883,0.953795,72.43854,,,
6502.081,0.2185125,0.843523883,0.9582964,72.98582,,,
6500.338,0.2185125,0.843523883,0.953795,72.25361,,,
6500.416,0.2220405,0.857143023,0.953795,71.33729,,,
6500.338,0.2185125,0.843523883,0.953795,72.34073,,,
6500.338,0.2202765,0.850333453,0.953795,71.61204,,,
6500.416,0.2185125,0.843523883,0.953795,72.52566,,,
6500.338,0.2185125,0.843523883,0.953795,72.52567,,,
6500.338,0.2185125,0.843523883,0.953795,71.54033,,,
6500.338,0.2185125,0.843523883,0.953795,72.52299,,,
7000.629,0.2238044,0.863952206,0.8998078,70.16525,,,
7000.448,0.2238044,0.863952206,0.8998078,69.70113,,,
7000.448,0.2255684,0.870761776,0.8953062,71.18661,,,
7000.629,0.2255684,0.870761776,0.8953062,71.83643,,,
7000.629,0.2238044,0.863952206,0.9043092,70.53665,,,
7000.448,0.2290903,0.884357368,0.8908048,70.351,,,
7000.629,0.2238044,0.863952206,0.8998078,69.97956,,,
7000.629,0.2238044,0.863952206,0.8953062,70.90805,,,
7000.448,0.2255623,0.870738228,0.8953062,70.35094,,,
7000.629,0.2238044,0.863952206,0.8998078,70.16526,,,
7000.629,0.2238044,0.863952206,0.9043092,70.53667,,,
7000.629,0.2238044,0.863952206,0.8953062,71.18661,,,
7000.448,0.2255684,0.870761776,0.8908048,70.72237,,,
7000.448,0.2255684,0.870761776,0.8998078,71.00092,,,
7000.629,0.2273263,0.877547798,0.8998078,69.32984,,,
7000.629,0.2238044,0.863952206,0.8998078,70.44378,,,
7339.929,0.2290841,0.884333434,0.8863033,70.28116,,,
7500.403,0.2273263,0.877547798,0.841319,69.21653,,,
7500.403,0.2308542,0.891166552,0.8458205,67.74302,,,
7500.403,0.2273263,0.877547798,0.841319,69.21355,,,
7500.48,0.2273263,0.877547798,0.8458205,69.30564,,,
7498.47,0.2290903,0.884357368,0.8458205,68.48228,,,
7500.403,0.2273263,0.877547798,0.8458205,68.39001,,,
7500.48,0.2273263,0.877547798,0.8458205,68.66105,,,
7500.48,0.2255684,0.870761776,0.8458205,69.30273,,,
7500.403,0.2290903,0.884357368,0.8458205,68.66683,,,
7500.403,0.2273263,0.877547798,0.8458205,68.57458,,,
7500.48,0.2273263,0.877547798,0.8458205,68.57462,,,
7500.403,0.2273263,0.877547798,0.8458205,68.20534,,,
7500.403,0.2273263,0.877547798,0.841319,70.30812,,,
7500.48,0.2290903,0.884357368,0.8458205,68.66688,,,
7500.48,0.2255684,0.870761776,0.8458205,69.57603,,,
7660.295,0.2308481,0.891143004,0.841319,67.9733,,,
8001.723,0.2308481,0.891143004,0.7963347,67.91048,,,
8001.723,0.2308481,0.891143004,0.7918332,67.0585,,,
8000.512,0.2308481,0.891143004,0.7918332,66.50941,,,
8000.512,0.2308481,0.891143004,0.7918332,66.79334,,,
8000.512,0.2308481,0.891143004,0.7963347,66.98269,,,
8001.723,0.2308481,0.891143004,0.7918332,66.96383,,,
8000.512,0.2308481,0.891143004,0.7918332,66.69872,,,
8000.512,0.2308481,0.891143004,0.7918332,66.69868,,,
8001.723,0.2326121,0.897952574,0.7918332,67.81578,,,
8000.512,0.2343761,0.904762144,0.7963347,67.172,,,
8000.512,0.2308481,0.891143004,0.7918332,66.67986,,,
8001.723,0.2308481,0.891143004,0.7918332,66.86921,,,
8000.512,0.2308481,0.891143004,0.7918332,66.77451,,,
7999.663,0.2308481,0.891143004,0.7918332,66.96388,,,
7999.663,0.23437,0.904738596,0.7918332,66.11208,,,
8173.54,0.2361339,0.91154778,0.7918332,68.51325,,,
8500.544,0.2343761,0.904762144,0.7468489,65.34409,,,
8500.544,0.2361339,0.91154778,0.7468489,65.71198,,,
8500.596,0.2343761,0.904762144,0.7468337,64.88217,,,
8500.544,0.2343761,0.904762144,0.7468489,65.43654,,,
8500.596,0.2343761,0.904762144,0.7423475,65.52693,,,
8500.544,0.2361339,0.91154778,0.7468337,64.78578,,,
8500.544,0.2343761,0.904762144,0.7558214,65.14027,,,
8500.544,0.2343761,0.904762144,0.7468489,65.71408,,,
8500.596,0.23614,0.911571328,0.7468489,66.26985,,,
8500.544,0.2343761,0.904762144,0.7468489,65.7141,,,
8500.596,0.2343761,0.904762144,0.7423475,65.62155,,,
8500.596,0.2343761,0.904762144,0.7468489,65.25164,,,
8500.596,0.2343761,0.904762144,0.7513351,65.98972,,,
8500.544,0.2378979,0.91835735,0.7423475,65.25165,,,
8500.596,0.2343761,0.904762144,0.7468489,65.15919,,,
8500.544,0.2361339,0.91154778,0.7423475,65.52902,,,
9001.271,0.2378979,0.91835735,0.7018341,63.70955,,,
9000.576,0.2378979,0.91835735,0.7018341,63.91823,,,
9000.576,0.2378979,0.91835735,0.7018341,63.43999,,,
9000.576,0.2396558,0.925143372,0.7018341,64.68219,,,
9001.271,0.2378979,0.91835735,0.7063357,64.76019,,,
9001.271,0.2396558,0.925143372,0.7018341,64.28297,,,
9001.271,0.2396558,0.925143372,0.7108371,65.25417,,,
9001.271,0.2396619,0.925166919,0.7063357,64.66476,,,
8998.955,0.2396558,0.925143372,0.7018341,64.49137,,,
8998.955,0.2378979,0.91835735,0.7018341,63.44,,,
8998.955,0.23614,0.911571328,0.7063357,65.43492,,,
9001.271,0.2378979,0.91835735,0.7018341,63.9008,,,
9000.576,0.2378979,0.91835735,0.7018341,64.10938,,,
9001.271,0.2378979,0.91835735,0.7018341,64.10939,,,
9001.271,0.2378979,0.91835735,0.7108371,63.1354,,,
9314.981,0.2396558,0.925143372,0.7018341,62.82401,,,
9500.608,0.2396558,0.925143372,0.6613513,63.53374,,,
9500.608,0.2414197,0.931952555,0.6613513,61.5532,,,
9500.608,0.2414197,0.931952555,0.6613513,62.38632,,,
9500.608,0.2414197,0.931952555,0.6613513,61.46211,,,
9500.608,0.2396558,0.925143372,0.6613513,62.19512,,,
9500.608,0.2396558,0.925143372,0.6613513,62.19974,,,
9500.608,0.2431837,0.938762125,0.6658528,61.81291,,,
9500.608,0.2431837,0.938762125,0.6613513,63.6294,,,
9501.69,0.2396558,0.925143372,0.6658528,63.89806,,,
9500.608,0.2396558,0.925143372,0.6658528,62.29076,,,
9501.69,0.2396558,0.925143372,0.6658528,62.46389,,,
9500.608,0.2396558,0.925143372,0.6613513,62.29076,,,
9500.608,0.2431837,0.938762125,0.6613513,61.55315,,,
9501.69,0.2396558,0.925143372,0.6613513,63.61126,,,
9501.69,0.2396558,0.925143372,0.6658528,62.75072,,,
9886.064,0.2414197,0.931952555,0.6613513,59.89207,,,
10000.64,0.2449477,0.945571695,0.6208686,58.83529,,,
10000.64,0.2396558,0.925143372,0.62537,60.46618,,,
10001.85,0.2431837,0.938762125,0.62537,59.39273,,,
10000.64,0.2396558,0.925143372,0.6208686,60.19401,,,
9999.276,0.2414197,0.931952555,0.62537,59.65006,,,
10000.64,0.2396558,0.925143372,0.6208686,59.83133,,,
10001.85,0.2449477,0.945571695,0.62537,59.03061,,,
10001.85,0.2431837,0.938762125,0.6208686,60.29913,,,
10000.64,0.2449477,0.945571695,0.6298715,58.92572,,,
10500.67,0.2467116,0.952380879,0.5848567,56.47567,,,
10500.67,0.2431837,0.938762125,0.5938597,58.36428,,,
10501.75,0.2431837,0.938762125,0.5893582,58.1112,,,
10500.67,0.2467116,0.952380879,0.5893582,58.1112,,,
10500.67,0.2431837,0.938762125,0.5893582,58.09606,,,
10500.67,0.2431837,0.938762125,0.5848567,58.98241,,,
10500.67,0.2431837,0.938762125,0.5893582,58.09607,,,
10500.67,0.2467116,0.952380879,0.5893582,58.09607,,,
10500.67,0.2431837,0.938762125,0.5848567,58.80288,,,
10501.75,0.2431837,0.938762125,0.5893582,58.55368,,,
10501.75,0.2431837,0.938762125,0.5893582,58.46889,,,
10500.67,0.2431837,0.938762125,0.5848567,58.1112,,,
11001.4,0.2467116,0.952380879,0.5578784,56.3367,,,
11000.7,0.2467116,0.952380879,0.5578784,56.06817,,,
11000.7,0.2449477,0.945571695,0.5533769,55.22425,,,
11000.7,0.2449477,0.945571695,0.5533769,55.6008,,,
11000.7,0.2484756,0.959190449,0.5578784,55.03582,,,
11000.7,0.2449477,0.945571695,0.5578784,55.3156,,,
11001.4,0.2449477,0.945571695,0.5578784,55.21375,,,
11001.4,0.2449477,0.945571695,0.5578784,55.48208,,,
11000.7,0.2449477,0.945571695,0.5578784,55.30992,,,
11000.7,0.2449477,0.945571695,0.5578784,55.30994,,,
11001.4,0.2467116,0.952380879,0.5578784,55.48773,,,
11000.7,0.2449477,0.945571695,0.5578784,55.49255,,,
11000.7,0.2449477,0.945571695,0.5578784,55.21861,,,
10998.57,0.2502335,0.965976471,0.5578784,55.20808,,,
10998.57,0.2449477,0.945571695,0.5578784,55.21861,,,
11001.4,0.2467116,0.952380879,0.5578784,55.4021,,,
11500.74,0.2467116,0.952380879,0.5218665,53.87607,,,
11500.79,0.2467116,0.952380879,0.5218665,54.62381,,,
11500.79,0.2484756,0.959190449,0.5218665,53.876,,,
11497.83,0.2467116,0.952380879,0.5218665,54.53036,,,
11500.79,0.2484756,0.959190449,0.5353709,54.15648,,,
11500.79,0.2467116,0.952380879,0.5218665,54.06297,,,
11500.79,0.2484756,0.959190449,0.5218665,53.50193,,,
11500.74,0.2484756,0.959190449,0.5218665,53.40447,,,
11500.79,0.2467116,0.952380879,0.5308695,54.06297,,,
11500.74,0.2467116,0.952380879,0.5218665,54.14491,,,
11500.79,0.2467116,0.952380879,0.5218665,54.43689,,,
11500.74,0.2484756,0.959190449,0.526368,54.60824,,,
11500.74,0.2467116,0.952380879,0.5218665,54.24996,,,
11500.74,0.2484756,0.959190449,0.5218665,53.77855,,,
11500.74,0.2484756,0.959190449,0.526368,53.50192,,,
11500.74,0.2467116,0.952380879,0.5218665,54.063,,,
11999.92,0.2484756,0.959190449,0.4993896,51.31211,,,
12000.77,0.2484756,0.959190449,0.4948882,51.21774,,,
12000.77,0.2467116,0.952380879,0.4993896,52.06787,,,
12000.77,0.2467116,0.952380879,0.4993896,51.97332,,,
11999.92,0.2519974,0.972785655,0.4993896,51.87878,,,
12000.77,0.2467116,0.952380879,0.5038911,51.97327,,,
12003,0.2502335,0.965976471,0.4948882,51.3121,,,
12000.77,0.2484756,0.959190449,0.4948882,51.12337,,,
12000.77,0.2484756,0.959190449,0.4948882,51.12342,,,
12000.77,0.2484756,0.959190449,0.4993896,51.21775,,,
12000.77,0.2519975,0.972786041,0.5038911,51.1397,,,
12000.77,0.2467116,0.952380879,0.4948882,52.06782,,,
12000.77,0.2484756,0.959190449,0.4993896,51.13971,,,
12003,0.2502335,0.965976471,0.4993896,51.21775,,,
12000.77,0.2502335,0.965976471,0.4993896,52.25705,,,
12000.77,0.2467116,0.952380879,0.4993896,52.35168,,,
12448.6,0.2502396,0.966000019,0.4858852,49.76334,,,
12500.8,0.2519974,0.972785655,0.4723808,51.05782,,,
12500.8,0.2484756,0.959190449,0.4678793,49.07431,,,
12500.8,0.2519975,0.972786041,0.4678793,49.60158,,,
12500.8,0.2484756,0.959190449,0.4678793,48.88256,,,
12502.01,0.2502396,0.966000019,0.4723808,49.7038,,,
12500.8,0.2484756,0.959190449,0.4723808,48.98446,,,
12502.01,0.2502335,0.965976471,0.4678793,48.98449,,,
12502.01,0.2484756,0.959190449,0.4678793,48.89472,,,
12502.01,0.2484756,0.959190449,0.4678793,49.0743,,,
12502.01,0.2484756,0.959190449,0.4678793,49.25397,,,
12500.8,0.2502396,0.966000019,0.4678793,49.78165,,,
12500.8,0.2484756,0.959190449,0.4678793,49.3438,,,
12500.8,0.2502396,0.966000019,0.4678793,49.16407,,,
12500.8,0.2502396,0.966000019,0.4678793,50.41292,,,
12500.8,0.2519975,0.972786041,0.4678793,49.52374,,,
13000.75,0.2502396,0.966000019,0.4454024,47.28867,,,
13000.83,0.2502396,0.966000019,0.4454024,47.2086,,,
13000.83,0.2502396,0.966000019,0.4499039,47.1986,,,
13000.83,0.2502396,0.966000019,0.4499039,47.20362,,,
13000.83,0.2537553,0.979571677,0.4454024,47.11248,,,
13000.83,0.2502396,0.966000019,0.4499039,47.29409,,,
13000.83,0.2519975,0.972786041,0.4454024,46.11901,,,
13000.83,0.2519974,0.972785655,0.4499039,47.38129,,,
13000.75,0.2502396,0.966000019,0.4499039,47.29863,,,
13000.75,0.2502396,0.966000019,0.4454024,46.93622,,,
13000.75,0.2519974,0.972785655,0.4499039,47.11246,,,
13000.75,0.2519975,0.972786041,0.4409009,46.10737,,,
13000.83,0.2502396,0.966000019,0.4499038,45.75414,,,
13000.83,0.2502396,0.966000019,0.4454024,46.75558,,,
13000.83,0.2519974,0.972785655,0.4454024,46.93182,,,
13000.83,0.2502396,0.966000019,0.4499039,47.19864,,,
13094.42,0.2519975,0.972786041,0.4499039,45.77391,,,
13500.86,0.2537553,0.979571677,0.4273965,41.94017,,,
13500.86,0.2519974,0.972785655,0.422895,40.6861,,,
13500.86,0.2519975,0.972786041,0.422895,40.98853,,,
13502.71,0.2537553,0.979571677,0.4273965,41.20726,,,
13502.71,0.2519974,0.972785655,0.4273965,41.59174,,,
13500.86,0.2502396,0.966000019,0.422895,42.03649,,,
13502.71,0.2519974,0.972785655,0.4273965,42.35965,,,
13502.71,0.2537553,0.979571677,0.4318979,41.59171,,,
13502.71,0.2502396,0.966000019,0.422895,42.07178,,,
13500.86,0.2537553,0.979571677,0.422895,41.65099,,,
13500.86,0.2519975,0.972786041,0.4273965,43.97156,,,
13502.71,0.2502396,0.966000019,0.422895,41.94017,,,
13502.71,0.2502396,0.966000019,0.422895,41.97581,,,
13500.86,0.2519975,0.972786041,0.422895,40.98854,,,
13502.71,0.2519975,0.972786041,0.4273965,41.39952,,,
13500.86,0.2537614,0.979595224,0.4273965,40.79545,,,
14000.9,0.2537553,0.979571677,0.4049043,37.21158,,,
14000.9,0.2537553,0.979571677,0.4048891,38.43671,,,
14000.9,0.2537553,0.979571677,0.4049043,37.49973,,,
14000.9,0.2537553,0.979571677,0.4049043,38.01704,,,
14001.08,0.2537553,0.979571677,0.3959166,38.48391,,,
14000.9,0.2537553,0.979571677,0.4049043,38.06191,,,
14000.9,0.2537553,0.979571677,0.3959166,38.43669,,,
14000.9,0.2519974,0.972785655,0.3959166,37.96819,,,
14000.9,0.2537553,0.979571677,0.4004028,40.49762,,,
14000.9,0.2519974,0.972785655,0.4049043,37.40606,,,
14001.08,0.2537553,0.979571677,0.4049043,39.88432,,,
14000.9,0.2537553,0.979571677,0.4048891,38.71075,,,
14001.08,0.2555193,0.986381246,0.4004028,37.36356,,,
14000.9,0.2537553,0.979571677,0.413892,38.34301,,,
14000.9,0.2537553,0.979571677,0.4093906,38.15558,,,
14000.9,0.2537553,0.979571677,0.4004028,38.15557,,,
14500.93,0.2537553,0.979571677,0.3869137,34.95475,,,
14500.93,0.2537553,0.979571677,0.3869137,35.4295,,,
14500.93,0.2537553,0.979571677,0.3914151,35.7608,,,
14500.93,0.2537553,0.979571677,0.3914151,35.43634,,,
14500.93,0.2537553,0.979571677,0.3914151,35.70609,,,
14500.93,0.2537553,0.979571677,0.3914151,35.85042,,,
14500.93,0.2537553,0.979571677,0.3869137,35.58153,,,
14500.93,0.2537553,0.979571677,0.3959166,35.94005,,,
14502.91,0.2537553,0.979571677,0.3914151,35.76081,,,
14502.91,0.2537553,0.979571677,0.3824122,35.31286,,,
14500.93,0.2537553,0.979571677,0.3914151,36.02969,,,
14500.93,0.2537553,0.979571677,0.3869137,35.07008,,,
14500.93,0.2537553,0.979571677,0.3959166,35.79602,,,
14500.93,0.2537553,0.979571677,0.3869137,35.43638,,,
14500.93,0.2537553,0.979571677,0.3869137,35.1599,,,
14500.93,0.2537553,0.979571677,0.3869137,34.98717,,,
15000.96,0.2555193,0.986381246,0.3734092,31.949,,,
15000.88,0.2555193,0.986381246,0.3734092,32.49894,,,
15000.96,0.2537553,0.979571677,0.3779107,32.68699,,,
15000.96,0.2537553,0.979571677,0.3779107,32.52113,,,
15000.96,0.2537553,0.979571677,0.3734092,31.13319,,,
15000.96,0.2537553,0.979571677,0.3707999,29.68487,,,
15000.96,0.2555193,0.986381246,0.3726005,29.06679,,,
15000.96,0.2537553,0.979571677,0.3744011,29.77907,,,
15000.96,0.2555193,0.986381246,0.3744011,27.82642,,,
15000.96,0.2537553,0.979571677,0.3689993,28.36144,,,
15000.96,0.2537553,0.979571677,0.3689993,29.50864,,,
15340.25,0.2537553,0.979571677,0.3617969,28.62436,,,
15500.99,0.2537553,0.979571677,0.3563952,26.81112,,,
15502.58,0.2537553,0.979571677,0.3545946,26.07158,,,
15498.6,0.2537553,0.979571677,0.3509934,23.11242,,,
15500.99,0.2537553,0.979571677,0.3545946,26.90561,,,
15500.99,0.2555193,0.986381246,0.3563952,24.25678,,,
15500.99,0.2555193,0.986381246,0.3599964,23.01583,,,
15500.99,0.2537553,0.979571677,0.352794,28.95424,,,
15500.99,0.2537553,0.979571677,0.3563952,23.20884,,,
15500.99,0.2537553,0.979571677,0.3545946,22.91927,,,
15500.99,0.2572833,0.993190816,0.3545946,22.82271,,,
15502.58,0.2537553,0.979571677,0.3563952,22.91928,,,
15502.58,0.2537553,0.979571677,0.3581958,24.74572,,,
15500.99,0.2537553,0.979571677,0.3545946,29.48068,,,
15500.99,0.2537553,0.979571677,0.352794,28.86114,,,
15500.99,0.2537553,0.979571677,0.3635975,23.8828,,,
15937.74,0.2537553,0.979571677,0.3473983,23.59153,,,
16000.18,0.2555193,0.986381246,0.3491928,22.42839,,,
16001.02,0.2537553,0.979571677,0.3437971,22.52257,,,
16001.02,0.2537553,0.979571677,0.3491928,22.99257,,,
16000.18,0.2537553,0.979571677,0.3473983,22.42836,,,
16001.02,0.2537553,0.979571677,0.3455977,21.57938,,,
16001.02,0.2537553,0.979571677,0.3455977,21.76836,,,
16001.02,0.2537553,0.979571677,0.3437971,22.33421,,,
16001.02,0.2537553,0.979571677,0.3438032,22.89858,,,
16001.02,0.2537553,0.979571677,0.3456038,22.80462,,,
16001.02,0.2537553,0.979571677,0.3420026,22.23993,,,
16004.29,0.2537553,0.979571677,0.3455977,21.5794,,,
16001.02,0.2537553,0.979571677,0.3473983,22.99252,,,
16001.02,0.2555193,0.986381246,0.3455977,21.76838,,,
16000.18,0.2537553,0.979571677,0.3509934,23.07907,,,
16001.02,0.2537553,0.979571677,0.3491989,22.52247,,,
16501.06,0.2537553,0.979571677,0.3329997,17.04609,,,
16501.06,0.2572833,0.993190816,0.3366008,15.09304,,,
16501.06,0.2537553,0.979571677,0.3348003,16.39538,,,
16497.51,0.2555193,0.986381246,0.3384015,15.93038,,,
16501.06,0.2537553,0.979571677,0.3311991,16.67429,,,
16501.06,0.2537553,0.979571677,0.3348003,16.67428,,,
16497.51,0.2537553,0.979571677,0.3348003,16.11642,,,
16501.06,0.2555193,0.986381246,0.3348003,15.7443,,,
16501.06,0.2537553,0.979571677,0.3329997,16.58134,,,
16501.06,0.2572833,0.993190816,0.3329997,16.02334,,,
16501.06,0.2537553,0.979571677,0.3366009,16.95315,,,
16501.06,0.2537553,0.979571677,0.3329997,16.39538,,,
16501.06,0.2555193,0.986381246,0.3329997,16.20938,,,
16501.75,0.2537553,0.979571677,0.3329997,16.58138,,,
16501.06,0.2537553,0.979571677,0.3348003,16.20936,,,
16501.06,0.2537553,0.979571677,0.3348003,16.39533,,,
17003.32,0.2537553,0.979571677,0.3239967,12.6533,,,
17003.32,0.2537553,0.979571677,0.3239967,12.56311,,,
17001.09,0.2537553,0.979571677,0.3239967,12.74353,,,
17001.09,0.2537553,0.979571677,0.3239967,12.74352,,,
17001.09,0.2537553,0.979571677,0.3257973,13.01407,,,
17003.32,0.2537553,0.979571677,0.3239967,12.83361,,,
17005.44,0.2555193,0.986381246,0.3239967,12.29276,,,
17001.09,0.2537553,0.979571677,0.3221961,13.37497,,,
17001.09,0.2537553,0.979571677,0.3257973,13.29261,,,
17001.09,0.2537553,0.979571677,0.3257973,13.01404,,,
16998.96,0.2572833,0.993190816,0.3257973,12.571,,,
17001.09,0.2537553,0.979571677,0.3239967,12.6534,,,
17001.09,0.2537553,0.979571677,0.3221961,12.56327,,,
17001.09,0.2537553,0.979571677,0.3239967,12.74353,,,
17001.09,0.2537553,0.979571677,0.3221961,13.10424,,,
17001.09,0.2537553,0.979571677,0.3239967,12.56325,,,
17504.89,0.2537553,0.979571677,0.3167943,9.44299,,,
17504.89,0.2537553,0.979571677,0.3167943,10.76261,,,
17500.4,0.2537553,0.979571677,0.3149937,10.85763,,,
17501.12,0.2537553,0.979571677,0.3203955,11.0478,,,
17501.12,0.2537553,0.979571677,0.3131931,10.28782,,,
17501.12,0.2537553,0.979571677,0.3149937,10.38275,,,
17500.4,0.2537553,0.979571677,0.3131931,10.95269,,,
17501.12,0.2537553,0.979571677,0.3131931,10.28785,,,
17501.12,0.2537553,0.979571677,0.3131931,10.09816,,,
17500.4,0.2537553,0.979571677,0.3221961,10.66758,,,
17500.4,0.2537553,0.979571677,0.3149937,10.2954,,,
17501.12,0.2537553,0.979571677,0.3131931,10.57257,,,
17501.12,0.2572833,0.993190816,0.3131931,10.66005,,,
17501.12,0.2537553,0.979571677,0.3185949,10.57259,,,
17500.4,0.2537553,0.979571677,0.3167943,11.61899,,,
17501.12,0.2537553,0.979571677,0.3149937,11.04779,,,
17501.12,0.2537553,0.979571677,0.3131931,11.33327,,,
18001.85,0.2555193,0.986381246,0.3095981,4.211916,,,
18001.15,0.2537553,0.979571677,0.3167943,5.738776,,,
18001.15,0.2537553,0.979571677,0.3113926,5.10808,,,
18001.15,0.2537553,0.979571677,0.3113987,5.558231,,,
18001.15,0.2537553,0.979571677,0.3131931,5.198,,,
18001.15,0.2537553,0.979571677,0.3113987,5.558275,,,
18001.15,0.2537553,0.979571677,0.3113926,4.928398,,,
18001.15,0.2537553,0.979571677,0.309592,4.122583,,,
18001.15,0.2537553,0.979571677,0.3131993,5.378033,,,
18001.15,0.2537553,0.979571677,0.3095981,4.748881,,,
18001.15,0.2537553,0.979571677,0.3131931,5.018218,,,
18001.85,0.2537553,0.979571677,0.3077975,4.928385,,,
18001.15,0.2537553,0.979571677,0.3131931,4.480138,,,
17997.22,0.2537553,0.979571677,0.3113926,4.748917,,,
18001.85,0.2537553,0.979571677,0.3113926,5.558284,,,
18001.15,0.2537553,0.979571677,0.3113987,5.468149,,,
18315.24,0.2537553,0.979571677,0.3113926,2.310998,,,
18501.18,0.2537553,0.979571677,0.309592,0.5105193,,,
18501.18,0.2537553,0.979571677,0.3113926,1.433409,,,
18501.18,0.2537553,0.979571677,0.3113987,1.607705,,,
18501.18,0.2537553,0.979571677,0.3149937,1.518353,,,
18501.18,0.2537553,0.979571677,0.309592,0.932802,,,
18503.29,0.2537553,0.979571677,0.3113926,1.097305,,,
18501.18,0.2537553,0.979571677,0.309592,0.7604845,,,
18503.29,0.2537553,0.979571677,0.3131931,1.097333,,,
18501.18,0.2537553,0.979571677,0.309592,0.5926208,,,
18501.18,0.2555193,0.986381246,0.3113926,1.179011,,,
18501.18,0.2537553,0.979571677,0.3131931,1.178999,,,
18501.18,0.2537553,0.979571677,0.309592,0.6775496,,,
18501.18,0.2537553,0.979571677,0.3113926,1.009719,,,
18501.18,0.2537553,0.979571677,0.309592,0.8430284,,,
18501.18,0.2537553,0.979571677,0.3131931,1.178991,,,
19001.22,0.2537553,0.979571677,0.3149937,0,,,
19001.22,0.2537553,0.979571677,0.3149937,0,,,
18999.86,0.2537553,0.979571677,0.3203955,0,,,
19004.73,0.2555193,0.986381246,0.3167943,0,,,
19001.22,0.2537553,0.979571677,0.3149937,0,,,
19001.22,0.2537553,0.979571677,0.3149937,0,,,
19001.22,0.2537553,0.979571677,0.3185949,0,,,
19001.22,0.2537553,0.979571677,0.3167943,0,,,
19001.22,0.2537553,0.979571677,0.3149937,0,,,
19001.22,0.2537553,0.979571677,0.3149937,0,,,
19001.22,0.2537553,0.979571677,0.3149937,0,,,
19001.22,0.2537553,0.979571677,0.3149937,0,,,
19001.22,0.2537553,0.979571677,0.3167943,0,,,
19001.22,0.2537553,0.979571677,0.3149937,0,,,
19001.22,0.2537553,0.979571677,0.3167943,0,,,
19501.25,0.2572833,0.993190816,0.3185949,351.8217,,,
19501.25,0.2537553,0.979571677,0.3203955,351.6993,,,
19501.25,0.2537553,0.979571677,0.3185949,351.8438,,,
19501.25,0.2537553,0.979571677,0.3185949,353.2385,,,
19501.25,0.2537553,0.979571677,0.3203955,352.0544,,,
19501.25,0.2537553,0.979571677,0.3185949,351.9817,,,
19501.25,0.2572833,0.993190816,0.3221961,352.1583,,,
19506.24,0.2555193,0.986381246,0.3221961,351.7995,,,
19496.17,0.2555193,0.986381246,0.3185949,351.5862,,,
19501.25,0.2572833,0.993190816,0.3167943,351.4649,,,
19501.25,0.2555193,0.986381246,0.3203955,351.8438,,,
19501.25,0.2555193,0.986381246,0.3185949,351.7995,,,
19501.25,0.2537553,0.979571677,0.3185949,352.4641,,,
19501.25,0.2555193,0.986381246,0.3221961,351.6318,,,
19501.25,0.2537553,0.979571677,0.3167943,352.1486,,,
19501.25,0.2537553,0.979571677,0.3257973,353.2385,,,
20001.28,0.2555193,0.986381246,0.3257973,354.6684,,,
20001.28,0.2590472,1,0.3275979,355.94,,,
20001.28,0.2537553,0.979571677,0.3275979,355.825,,,
20001.28,0.2537553,0.979571677,0.3257973,356.5252,,,
20002.49,0.2537553,0.979571677,0.3239967,355.825,,,
20001.28,0.2537553,0.979571677,0.3275979,355.825,,,
20001.28,0.2537553,0.979571677,0.3293985,357.6594,,,
20001.28,0.2537553,0.979571677,0.3257973,357.2072,,,
20001.28,0.2537553,0.979571677,0.3275979,355.1324,,,
20001.28,0.2537553,0.979571677,0.3275979,354.9006,,,
20006.4,0.2537553,0.979571677,0.3293985,356.8562,,,
20001.28,0.2537553,0.979571677,0.3221961,355.7242,,,
20001.28,0.2555193,0.986381246,0.3239967,354.5704,,,
20001.28,0.2537553,0.979571677,0.3257973,355.7242,,,
20001.28,0.2537553,0.979571677,0.3239967,355.7242,,,
20001.28,0.2555193,0.986381246,0.3257973,355.0332,,,
20287.65,0.2555193,0.986381246,0.3293985,357.0971,,,
20501.31,0.2537553,0.979571677,0.3311991,0,,,
20501.31,0.2537553,0.979571677,0.3311991,359.2484,,,
20501.31,0.2537553,0.979571677,0.3311991,358.9318,,,
20501.31,0.2537553,0.979571677,0.3329997,359.1133,,,
20501.31,0.2537553,0.979571677,0.3329997,359.4149,,,
20501.31,0.2537553,0.979571677,0.3293985,359.2417,,,
20501.31,0.2537553,0.979571677,0.3311991,359.5538,,,
20501.31,0.2572833,0.993190816,0.3293985,359.2551,,,
20501.31,0.2537553,0.979571677,0.3311991,359.5616,,,
20501.31,0.2572833,0.993190816,0.3348003,359.0974,,,
20501.31,0.2537553,0.979571677,0.3329997,359.5596,,,
20501.31,0.2555193,0.986381246,0.3275979,358.4702,,,
20503.8,0.2537553,0.979571677,0.3293985,359.8528,,,
20501.31,0.2537553,0.979571677,0.3311991,359.2518,,,
20498.54,0.2555193,0.986381246,0.3348003,359.5596,,,
20817.32,0.2537553,0.979571677,0.340202,352.7179,,,
21001.35,0.2537553,0.979571677,0.3438032,346.1682,,,
21001.35,0.2537553,0.979571677,0.340202,347.1513,,,
21001.35,0.2537553,0.979571677,0.3366008,345.2343,,,
21001.35,0.2537553,0.979571677,0.3384015,347.8508,,,
21001.35,0.2537553,0.979571677,0.340202,348.7274,,,
21001.35,0.2572833,0.993190816,0.3384015,345.1815,,,
21001.35,0.2537553,0.979571677,0.340202,349.4191,,,
21001.35,0.2537553,0.979571677,0.3384014,345.2343,,,
21001.35,0.2537553,0.979571677,0.3384015,348.45,,,
21001.35,0.2537553,0.979571677,0.3384015,346.59,,,
21001.35,0.2537553,0.979571677,0.340202,349.8328,,,
21001.35,0.2537553,0.979571677,0.3420026,346.7304,,,
21001.35,0.2537553,0.979571677,0.340202,346.3089,,,
21001.35,0.2537553,0.979571677,0.340202,346.3577,,,
21001.35,0.2537553,0.979571677,0.3366009,347.0111,,,
21501.38,0.2537553,0.979571677,0.3455977,336.75,,,
21501.38,0.2537553,0.979571677,0.3473983,337.4948,,,
21501.38,0.2537553,0.979571677,0.3437971,336.4492,,,
21500.91,0.2572833,0.993190816,0.3420026,335.6043,,,
21501.38,0.2537553,0.979571677,0.3473983,337.461,,,
21500.91,0.2537553,0.979571677,0.3455977,336.7501,,,
21501.38,0.2537553,0.979571677,0.3455977,336.3872,,,
21501.38,0.2537553,0.979571677,0.3438032,337.0839,,,
21501.38,0.2537553,0.979571677,0.3455977,336.7665,,,
21501.38,0.2537553,0.979571677,0.3455977,337.3419,,,
21501.38,0.2537553,0.979571677,0.3437971,336.6607,,,
21501.38,0.2572833,0.993190816,0.3509934,337.6134,,,
21501.38,0.2537553,0.979571677,0.3491928,337.461,,,
21501.38,0.2537553,0.979571677,0.3455977,336.6607,,,
21500.91,0.2537553,0.979571677,0.3473983,337.4482,,,
21501.38,0.2555193,0.986381246,0.3473983,336.5992,,,
22002.1,0.2537553,0.979571677,0.3545946,334.5459,,,
22001.41,0.2519975,0.972786041,0.3545946,334.0095,,,
21996.46,0.2537553,0.979571677,0.3545946,334.6532,,,
22001.41,0.2537553,0.979571677,0.3545946,335.7288,,,
22001.41,0.2537553,0.979571677,0.352794,334.3311,,,
22001.41,0.2537553,0.979571677,0.3563952,334.9754,,,
22001.41,0.2537553,0.979571677,0.3545946,334.7606,,,
22001.41,0.2555193,0.986381246,0.3545946,333.651,,,
22001.41,0.2537553,0.979571677,0.3545946,334.7605,,,
22002.1,0.2537553,0.979571677,0.3545946,334.7606,,,
22001.41,0.2537553,0.979571677,0.3545946,335.0829,,,
22001.41,0.2537553,0.979571677,0.3545946,334.4383,,,
22001.41,0.2537553,0.979571677,0.3563952,334.5062,,,
22001.41,0.2537553,0.979571677,0.3545946,334.7204,,,
22001.41,0.2537553,0.979571677,0.3581958,335.1493,,,
22001.41,0.2537614,0.979595224,0.3545946,334.3312,,,
22501.44,0.2519975,0.972786041,0.3617969,333.0921,,,
22503.29,0.2537553,0.979571677,0.3635975,334.7764,,,
22501.44,0.2519975,0.972786041,0.3617969,332.8172,,,
22501.44,0.2537553,0.979571677,0.3617969,335.5334,,,
22501.44,0.2537553,0.979571677,0.3635975,334.0065,,,
22501.44,0.2519975,0.972786041,0.3617969,333.4543,,,
22501.44,0.2555193,0.986381246,0.3635975,333.0358,,,
22501.44,0.2519975,0.972786041,0.3635975,332.9128,,,
22503.29,0.2537553,0.979571677,0.3635975,334.9514,,,
22501.44,0.2572833,0.993190816,0.3635975,332.6798,,,
22497.52,0.2537553,0.979571677,0.3635975,334.0669,,,
22503.29,0.2537553,0.979571677,0.3617969,334.193,,,
22501.44,0.2537553,0.979571677,0.3635975,333.9023,,,
22503.29,0.2555193,0.986381246,0.3635975,332.7498,,,
22497.52,0.2537553,0.979571677,0.3635975,334.6968,,,
22503.29,0.2537553,0.979571677,0.3617969,334.9031,,,
23001.47,0.2537553,0.979571677,0.3744011,330.8917,,,
23001.47,0.2519975,0.972786041,0.3762017,330.8109,,,
23007.36,0.2519975,0.972786041,0.3780023,331.3632,,,
23001.47,0.2537614,0.979595224,0.3726005,330.1858,,,
23001.47,0.2519975,0.972786041,0.3744011,329.3598,,,
23001.47,0.2537553,0.979571677,0.3707999,330.481,,,
23001.47,0.2519975,0.972786041,0.3726005,329.5599,,,
23001.47,0.2537614,0.979595224,0.3726005,329.36,,,
23001.47,0.2519975,0.972786041,0.3726005,330.3484,,,
23004.47,0.2519975,0.972786041,0.3726005,329.8778,,,
23001.47,0.2502396,0.966000019,0.3744011,331.5696,,,
23001.47,0.2519975,0.972786041,0.3744011,329.7476,,,
23001.47,0.2519975,0.972786041,0.3726005,329.0899,,,
23004.47,0.2537553,0.979571677,0.3726005,332.0519,,,
23001.47,0.2502396,0.966000019,0.3726005,330.9774,,,
23213.37,0.2537614,0.979595224,0.3816034,329.1668,,,
23501.5,0.2555254,0.986404794,0.3816034,325.8664,,,
23505.66,0.2519975,0.972786041,0.3833979,327.411,,,
23501.5,0.2555193,0.986381246,0.386993,328.7589,,,
23501.5,0.2519975,0.972786041,0.3824122,327.4323,,,
23501.5,0.2537553,0.979571677,0.3869137,329.2262,,,
23499.63,0.2519975,0.972786041,0.3869137,328.3009,,,
23499.63,0.2519975,0.972786041,0.3914151,329.6737,,,
23501.5,0.2502396,0.966000019,0.3869137,329.0281,,,
23505.66,0.2519975,0.972786041,0.3914151,329.8193,,,
23501.5,0.2519975,0.972786041,0.3914151,330.1578,,,
23507.52,0.2502396,0.966000019,0.3914151,331.1558,,,
23501.5,0.2502396,0.966000019,0.3869137,328.9137,,,
23501.5,0.2519975,0.972786041,0.3869137,328.0003,,,
23501.5,0.2519975,0.972786041,0.3824122,328.15,,,
23501.5,0.2537614,0.979595224,0.3869137,328.0002,,,
24006.85,0.2519975,0.972786041,0.3959166,324.6743,,,
24001.54,0.2502396,0.966000019,0.3959166,326.5449,,,
24001.54,0.2519975,0.972786041,0.3959166,325.1121,,,
24001.54,0.2537553,0.979571677,0.3959166,325.2217,,,
24001.54,0.2502396,0.966000019,0.4004028,326.8473,,,
24001.54,0.2519974,0.972785655,0.3959166,326.1024,,,
24001.54,0.2502396,0.966000019,0.3959166,325.4413,,,
24001.54,0.2519975,0.972786041,0.3959166,324.5651,,,
24001.54,0.2502396,0.966000019,0.3959166,325.2217,,,
24006.85,0.2502396,0.966000019,0.3959166,325.7715,,,
24001.54,0.2502396,0.966000019,0.3959166,324.893,,,
24001.54,0.2537614,0.979595224,0.3959166,324.565,,,
24001.54,0.2502396,0.966000019,0.3959166,325.6342,,,
24001.54,0.2519975,0.972786041,0.4004028,324.5534,,,
24001.54,0.2502396,0.966000019,0.3959166,326.1025,,,
24001.54,0.2519975,0.972786041,0.3959166,324.2379,,,
24501.57,0.2519975,0.972786041,0.4093906,321.5637,,,
24501.57,0.2484756,0.959190449,0.4093906,321.8141,,,
24501.57,0.2502396,0.966000019,0.4048891,322.0628,,,
24501.57,0.2502396,0.966000019,0.4048891,322.2677,,,
24501.57,0.2484756,0.959190449,0.4093906,323.6563,,,
24501.57,0.2502335,0.965976471,0.4048891,321.3996,,,
24501.57,0.2484756,0.959190449,0.4183935,323.6373,,,
24501.57,0.2519975,0.972786041,0.4093906,321.7466,,,
24501.57,0.2502396,0.966000019,0.4093906,322.1254,,,
24501.57,0.2484756,0.959190449,0.4048891,321.7061,,,
24501.57,0.2484756,0.959190449,0.413892,322.0471,,,
24501.57,0.2502396,0.966000019,0.4093906,325.5827,,,
24501.57,0.2502396,0.966000019,0.4048891,322.7927,,,
24501.75,0.2502335,0.965976471,0.4093906,321.5782,,,
24501.57,0.2519974,0.972785655,0.4093906,322.3263,,,
24501.75,0.2519975,0.972786041,0.4093906,321.5204,,,
24570.44,0.2519975,0.972786041,0.413892,322.405,,,
25001.6,0.2502396,0.966000019,0.413892,320.9805,,,
25001.6,0.2484756,0.959190449,0.4183935,320.2386,,,
25001.6,0.2484756,0.959190449,0.4183935,319.7386,,,
25001.6,0.2484756,0.959190449,0.4183935,321.01,,,
25001.6,0.2484756,0.959190449,0.422895,319.7277,,,
25001.6,0.2519974,0.972785655,0.422895,321.5236,,,
25002.8,0.2502335,0.965976471,0.422895,323.466,,,
25001.6,0.2502396,0.966000019,0.422895,320.8505,,,
25001.6,0.2484756,0.959190449,0.4183935,323.4915,,,
25002.8,0.2502335,0.965976471,0.4183935,319.7536,,,
25001.6,0.2484756,0.959190449,0.413892,320.7791,,,
25001.6,0.2502335,0.965976471,0.4183935,320.1396,,,
25001.6,0.2484756,0.959190449,0.4183935,320.014,,,
25001.6,0.2502335,0.965976471,0.4183935,323.2368,,,
25001.6,0.2502335,0.965976471,0.413892,319.8626,,,
25001.6,0.2484756,0.959190449,0.413892,319.0098,,,
25501.63,0.2484756,0.959190449,0.4318979,317.428,,,
25501.63,0.2484756,0.959190449,0.4363994,319.5749,,,
25501.63,0.2484756,0.959190449,0.4318979,317.3221,,,
25501.63,0.2502335,0.965976471,0.4318979,317.8852,,,
25501.63,0.2484756,0.959190449,0.4318979,317.5453,,,
25503.86,0.2502335,0.965976471,0.4318979,317.3363,,,
25501.63,0.2502335,0.965976471,0.4318979,317.4532,,,
25501.63,0.2502335,0.965976471,0.4318979,317.5453,,,
25501.63,0.2555193,0.986381246,0.4318979,317.0102,,,
25501.63,0.2484756,0.959190449,0.4318979,317.4333,,,
25501.63,0.2484756,0.959190449,0.4318979,317.5655,,,
25501.63,0.2484756,0.959190449,0.4318979,317.6579,,,
25501.63,0.2484756,0.959190449,0.4318979,317.4334,,,
25501.63,0.2502396,0.966000019,0.4409009,321.352,,,
25501.63,0.2519975,0.972786041,0.4318979,317.5654,,,
25501.63,0.2484756,0.959190449,0.4318979,317.5453,,,
26001.66,0.2484756,0.959190449,0.4454024,315.6479,,,
26001.66,0.2484756,0.959190449,0.4454024,316.3644,,,
26001.66,0.2502335,0.965976471,0.4454024,315.7509,,,
26001.66,0.2484756,0.959190449,0.4454024,315.6479,,,
25998.25,0.2502396,0.966000019,0.4454024,315.7509,,,
26001.66,0.2519974,0.972785655,0.4409009,313.4207,,,
26001.66,0.2484756,0.959190449,0.4454024,316.1549,,,
26001.66,0.2484756,0.959190449,0.4454024,315.1411,,,
26001.66,0.2484756,0.959190449,0.4499039,314.9421,,,
26001.66,0.2484756,0.959190449,0.4454024,317.149,,,
26001.66,0.2484756,0.959190449,0.4454024,315.5467,,,
26008.32,0.2484756,0.959190449,0.4454024,315.0412,,,
26001.66,0.2484756,0.959190449,0.4454024,315.343,,,
26001.66,0.2484756,0.959190449,0.4454024,316.261,,,
26001.66,0.2502335,0.965976471,0.4409009,315.8546,,,
26001.66,0.2502335,0.965976471,0.4499039,315.1275,,,
26505.98,0.2484756,0.959190449,0.4544054,313.5908,,,
26501.7,0.2502335,0.965976471,0.4544054,313.868,,,
26501.7,0.2484756,0.959190449,0.4544054,313.8812,,,
26505.98,0.2484756,0.959190449,0.4544054,313.6011,,,
26505.98,0.2484756,0.959190449,0.4544054,313.7873,,,
26501.7,0.2484756,0.959190449,0.4544054,313.694,,,
26501.7,0.2502335,0.965976471,0.4499039,313.8788,,,
26505.98,0.2484756,0.959190449,0.4544054,313.5087,,,
26501.7,0.2484756,0.959190449,0.4544054,313.9755,,,
26501.7,0.2484756,0.959190449,0.4544054,313.9622,,,
26501.7,0.2484756,0.959190449,0.4589068,313.9756,,,
26501.7,0.2484756,0.959190449,0.4589068,313.6807,,,
26501.7,0.2502335,0.965976471,0.4544054,313.6938,,,
26501.7,0.2519974,0.972785655,0.4544054,314.5526,,,
26501.7,0.2484756,0.959190449,0.4589068,313.6011,,,
26501.7,0.2502335,0.965976471,0.4544054,313.774,,,
27001.73,0.2484756,0.959190449,0.463393,312.42,,,
27001.73,0.2484756,0.959190449,0.463393,312.1477,,,
27001.73,0.2484756,0.959190449,0.463393,312.2466,,,
27001.73,0.2502335,0.965976471,0.4678793,312.3331,,,
27001.73,0.2484756,0.959190449,0.463393,312.2465,,,
27007.04,0.2484756,0.959190449,0.463393,312.42,,,
27001.73,0.2449477,0.945571695,0.463393,312.1604,,,
27001.73,0.2484756,0.959190449,0.4678793,312.1534,,,
27001.73,0.2484756,0.959190449,0.463393,312.1605,,,
27001.73,0.2484756,0.959190449,0.4678945,311.8144,,,
27001.73,0.2484756,0.959190449,0.463393,312.3255,,,
27001.73,0.2484756,0.959190449,0.4678793,312.2337,,,
27001.73,0.2484756,0.959190449,0.463393,312.3331,,,
27001.73,0.2484756,0.959190449,0.463393,312.2466,,,
27001.73,0.2502335,0.965976471,0.463393,312.42,,,
27001.73,0.2467116,0.952380879,0.463393,312.8618,,,
27508.1,0.2449477,0.945571695,0.4768822,309.9602,,,
27501.76,0.2502335,0.965976471,0.4723808,313.0294,,,
27501.76,0.2449477,0.945571695,0.4813837,312.0538,,,
27501.76,0.2502335,0.965976471,0.4723808,313.1171,,,
27501.76,0.2467116,0.952380879,0.4768822,311.5453,,,
27501.76,0.2502335,0.965976471,0.4858852,310.5747,,,
27501.76,0.2467116,0.952380879,0.4678793,312.668,,,
27501.76,0.2484756,0.959190449,0.4813837,313.2131,,,
27508.1,0.2467116,0.952380879,0.4768822,310.2643,,,
27501.76,0.2467116,0.952380879,0.4768822,310.1877,,,
27501.76,0.2467116,0.952380879,0.4768822,310.8117,,,
27501.76,0.2467116,0.952380879,0.4768822,310.1877,,,
27501.76,0.2484695,0.959166901,0.4768822,309.8851,,,
27501.76,0.2467116,0.952380879,0.4858852,312.9383,,,
27501.76,0.2502335,0.965976471,0.4813837,311.2075,,,
28001.79,0.2449477,0.945571695,0.4858852,310.5803,,,
28001.79,0.2449477,0.945571695,0.4903867,310.3223,,,
28001.79,0.2484695,0.959166901,0.4903867,310.4069,,,
28001.79,0.2449477,0.945571695,0.4948882,310.0217,,,
28001.79,0.2484695,0.959166901,0.4903867,310.106,,,
28001.79,0.2467116,0.952380879,0.4903867,310.407,,,
28001.79,0.2467116,0.952380879,0.4813837,311.2591,,,
28001.79,0.2467116,0.952380879,0.4858852,310.1464,,,
28001.79,0.2449477,0.945571695,0.4948882,309.8377,,,
28001.79,0.2502335,0.965976471,0.4858852,310.7469,,,
27994.79,0.2449477,0.945571695,0.4858852,309.7831,,,
28001.79,0.2467116,0.952380879,0.4903867,311.0878,,,
28001.79,0.2449477,0.945571695,0.4858852,310.0776,,,
28001.79,0.2467116,0.952380879,0.4903867,311.3449,,,
28001.97,0.2467116,0.952380879,0.4903867,310.7587,,,
28145.03,0.2449477,0.945571695,0.4993896,310.2812,,,
28501.82,0.2449477,0.945571695,0.4993896,309.419,,,
28501.82,0.2484695,0.959166901,0.5083926,309.2175,,,
28501.82,0.2467116,0.952380879,0.4993896,309.3181,,,
28501.82,0.2502335,0.965976471,0.5083926,310.0359,,,
28501.82,0.2484695,0.959166901,0.5038911,308.1451,,,
28502.9,0.2467116,0.952380879,0.4993896,310.6881,,,
28501.82,0.2449477,0.945571695,0.5083926,309.2175,,,
28501.82,0.2484695,0.959166901,0.4993896,308.3352,,,
28501.82,0.2467116,0.952380879,0.4993896,309.7251,,,
28501.82,0.2449477,0.945571695,0.5038911,309.725,,,
28501.82,0.2449477,0.945571695,0.4993896,309.6225,,,
28501.82,0.2467116,0.952380879,0.5038911,308.919,,,
28501.82,0.2484695,0.959166901,0.5038911,308.3503,,,
28501.82,0.2484695,0.959166901,0.5038911,307.7685,,,
28501.82,0.2449477,0.945571695,0.5038911,308.8205,,,
28502.9,0.2467116,0.952380879,0.5038911,310.3676,,,
28501.82,0.2449477,0.945571695,0.5038911,309.1175,,,
29001.86,0.2449477,0.945571695,0.5128788,307.6464,,,
29001.86,0.2467116,0.952380879,0.5128788,308.3124,,,
29001.86,0.2484695,0.959166901,0.5128788,306.3335,,,
29001.86,0.2449477,0.945571695,0.5128788,307.6464,,,
28996.39,0.2467116,0.952380879,0.5128788,307.4876,,,
29001.86,0.2484695,0.959166901,0.5128788,306.7682,,,
29001.86,0.2449477,0.945571695,0.5128788,307.4757,,,
29001.86,0.2467116,0.952380879,0.5128788,307.8344,,,
29001.86,0.2449477,0.945571695,0.5218665,308.1354,,,
29001.86,0.2449477,0.945571695,0.5173803,308.6209,,,
29001.86,0.2449477,0.945571695,0.5173803,308.0242,,,
29001.86,0.2449477,0.945571695,0.5128788,307.753,,,
29001.86,0.2484695,0.959166901,0.5218665,307.4604,,,
29001.86,0.2449477,0.945571695,0.5128788,307.4722,,,
29001.86,0.2449477,0.945571695,0.5128788,307.4604,,,
29001.86,0.2449477,0.945571695,0.5128788,307.4737,,,
29501.89,0.2449477,0.945571695,0.5308695,306.8762,,,
29501.89,0.2449477,0.945571695,0.526368,307.1504,,,
29501.89,0.2449477,0.945571695,0.5263833,305.4375,,,
29501.89,0.2449477,0.945571695,0.526368,307.3509,,,
29501.89,0.2431837,0.938762125,0.5218818,307.1658,,,
29501.89,0.2449477,0.945571695,0.5263833,306.2679,,,
29501.89,0.2449477,0.945571695,0.526368,307.1504,,,
29501.89,0.2484695,0.959166901,0.5218818,305.5815,,,
29504.76,0.2449477,0.945571695,0.5218818,306.2671,,,
29501.89,0.2467116,0.952380879,0.5218818,306.0051,,,
29501.89,0.2449477,0.945571695,0.5308695,306.3481,,,
29501.89,0.2467116,0.952380879,0.5308695,306.252,,,
29501.89,0.2467116,0.952380879,0.5308695,306.9774,,,
29501.89,0.2467116,0.952380879,0.5308695,306.6061,,,
29501.89,0.2449477,0.945571695,0.526368,306.6957,,,
29944.25,0.2431837,0.938762125,0.5353709,305.9737,,,
30001.92,0.2449477,0.945571695,0.5353709,305.8802,,,
30001.92,0.2449477,0.945571695,0.5353709,306.2088,,,
30001.92,0.2449477,0.945571695,0.5353709,305.9605,,,
30001.92,0.2467055,0.952357331,0.5398724,305.1977,,,
30001.92,0.2431837,0.938762125,0.5443739,306.9304,,,
30001.92,0.2414197,0.931952555,0.5353709,305.9454,,,
30001.92,0.2449477,0.945571695,0.5398724,305.262,,,
30001.92,0.2414197,0.931952555,0.5353709,305.7009,,,
30005.69,0.2484695,0.959166901,0.5398724,305.3658,,,
30001.92,0.2431837,0.938762125,0.5398724,306.04,,,
30001.92,0.2484695,0.959166901,0.5398724,305.3607,,,
30001.92,0.2449477,0.945571695,0.5353709,305.0994,,,
30001.92,0.2484695,0.959166901,0.5353709,305.3658,,,
30001.92,0.2449477,0.945571695,0.5353709,305.351,,,
30001.92,0.2449477,0.945571695,0.5353709,305.9455,,,
30001.92,0.2449477,0.945571695,0.5398724,304.5514,,,
30501.95,0.2431837,0.938762125,0.5488754,304.2264,,,
30501.95,0.2414197,0.931952555,0.5443739,304.9727,,,
30498.8,0.2431837,0.938762125,0.5533769,304.5612,,,
30501.95,0.2414197,0.931952555,0.5443739,304.7278,,,
30501.95,0.2414197,0.931952555,0.5488754,303.9884,,,
30501.95,0.2414197,0.931952555,0.5533769,305.0413,,,
30501.95,0.2414197,0.931952555,0.5488754,304.1467,,,
30498.8,0.2414197,0.931952555,0.5488754,304.323,,,
30501.95,0.2431837,0.938762125,0.5533769,304.9579,,,
30501.95,0.2431837,0.938762125,0.5443739,305.0603,,,
30501.95,0.2431837,0.938762125,0.5533769,305.739,,,
30501.95,0.2431837,0.938762125,0.5488754,303.9911,,,
30501.95,0.2414197,0.931952555,0.5488754,303.9911,,,
30501.95,0.2414197,0.931952555,0.5488754,304.1467,,,
30501.95,0.2414197,0.931952555,0.5488754,304.2409,,,
30501.95,0.2449477,0.945571695,0.5533769,304.5466,,,
31001.98,0.2414197,0.931952555,0.5533769,305.0945,,,
31001.98,0.2449477,0.945571695,0.5578784,302.6186,,,
31001.98,0.2449477,0.945571695,0.5578784,302.9406,,,
31001.98,0.2414197,0.931952555,0.5623798,305.6749,,,
31001.98,0.2431837,0.938762125,0.5578784,303.0132,,,
31001.98,0.2414197,0.931952555,0.5578784,303.317,,,
31001.98,0.2414197,0.931952555,0.5623798,304.0988,,,
31007.55,0.2431837,0.938762125,0.5578784,302.3452,,,
31001.98,0.2414197,0.931952555,0.5623798,302.9265,,,
31001.98,0.2484695,0.959166901,0.5578784,302.9362,,,
31001.98,0.2431837,0.938762125,0.5578784,304.917,,,
31001.98,0.2414197,0.931952555,0.5623798,303.7813,,,
31007.55,0.2414197,0.931952555,0.5623798,304.5022,,,
31007.55,0.2431837,0.938762125,0.5623798,305.1755,,,
31001.98,0.2431837,0.938762125,0.5578784,304.0829,,,
31001.98,0.2431837,0.938762125,0.5623798,302.8663,,,
31502.02,0.2431837,0.938762125,0.5758843,303.7941,,,
31508.48,0.2414197,0.931952555,0.5578784,304.1888,,,
31502.02,0.2431837,0.938762125,0.5668813,301.714,,,
31502.02,0.2431837,0.938762125,0.5668813,301.5504,,,
31508.48,0.2431837,0.938762125,0.5758843,303.8737,,,
31502.02,0.2396558,0.925143372,0.5713828,303.636,,,
31502.02,0.2414197,0.931952555,0.5713828,307.7045,,,
31502.02,0.2449477,0.945571695,0.5713828,301.7004,,,
31502.02,0.2431837,0.938762125,0.575869,301.7004,,,
31502.02,0.2414197,0.931952555,0.5713828,307.7163,,,
31502.02,0.2414197,0.931952555,0.5713828,301.7139,,,
31502.02,0.2431837,0.938762125,0.5578784,303.245,,,
31502.02,0.2431837,0.938762125,0.5713828,301.714,,,
31502.02,0.2414197,0.931952555,0.5713828,301.7139,,,
31502.02,0.2414197,0.931952555,0.5578784,303.2396,,,
31634.42,0.2414197,0.931952555,0.5758843,302.3975,,,
32009.41,0.2431837,0.938762125,0.584872,301.6886,,,
32002.05,0.2396558,0.925143372,0.584872,302.0532,,,
32002.05,0.2431837,0.938762125,0.5803705,301.9861,,,
32002.05,0.2396558,0.925143372,0.584872,302.2752,,,
32002.05,0.2414197,0.931952555,0.5803705,302.116,,,
32002.05,0.2414197,0.931952555,0.584872,301.8436,,,
32002.05,0.2431837,0.938762125,0.584872,301.7673,,,
32002.05,0.2414197,0.931952555,0.5803705,302.3483,,,
32002.05,0.2396558,0.925143372,0.5803705,302.5699,,,
32002.05,0.2431837,0.938762125,0.5803705,302.2751,,,
32009.41,0.2414197,0.931952555,0.584872,301.6266,,,
32002.05,0.2414197,0.931952555,0.584872,301.7728,,,
32002.05,0.2414197,0.931952555,0.584872,301.8331,,,
32002.05,0.2396558,0.925143372,0.5848567,302.6444,,,
32002.05,0.2449477,0.945571695,0.5803705,301.5446,,,
32002.05,0.2414197,0.931952555,0.584872,301.5566,,,
32502.08,0.2396558,0.925143372,0.5938597,301.6654,,,
32502.08,0.2431837,0.938762125,0.5938597,301.671,,,
32502.08,0.2414197,0.931952555,0.5983611,301.8181,,,
32502.08,0.2431837,0.938762125,0.5983611,301.5773,,,
32502.08,0.2414197,0.931952555,0.5983611,301.431,,,
32502.01,0.2431837,0.938762125,0.5983611,301.6575,,,
32502.08,0.2396558,0.925143372,0.5938597,301.6654,,,
32502.08,0.2396558,0.925143372,0.5983611,302.4655,,,
32502.08,0.2396558,0.925143372,0.5938597,301.5985,,,
32502.01,0.2431837,0.938762125,0.5983611,301.596,,,
32493.67,0.2431837,0.938762125,0.5983611,301.2715,,,
32502.08,0.2396558,0.925143372,0.5938597,302.2254,,,
32502.08,0.2396558,0.925143372,0.5983611,302.06,,,
32493.67,0.2396558,0.925143372,0.6028626,301.6601,,,
32502.08,0.2414197,0.931952555,0.5983611,301.7405,,,
32502.08,0.2396558,0.925143372,0.5938597,301.4604,,,
33002.11,0.2431837,0.938762125,0.6073641,301.2372,,,
33002.11,0.2396558,0.925143372,0.6073641,301.6472,,,
33002.11,0.2414197,0.931952555,0.6028626,300.2843,,,
33002.11,0.2414197,0.931952555,0.6073641,301.339,,,
33002.11,0.2449477,0.945571695,0.6028626,299.6892,,,
33002.11,0.2414197,0.931952555,0.6028626,300.2647,,,
33002.11,0.2396558,0.925143372,0.6073641,301.9596,,,
33002.11,0.2414197,0.931952555,0.6073641,301.3391,,,
33502.14,0.2396558,0.925143372,0.6163671,301.0886,,,
33502.14,0.2431837,0.938762125,0.6208686,299.0605,,,
33502.14,0.2396558,0.925143372,0.6163671,301.0869,,,
33502.14,0.2396558,0.925143372,0.6163671,300.8046,,,
33502.14,0.2396558,0.925143372,0.6163671,301.1096,,,
33502.14,0.2378979,0.91835735,0.6163671,300.1093,,,
33502.14,0.2396558,0.925143372,0.6163671,300.7842,,,
33503.61,0.2396558,0.925143372,0.6163671,300.8033,,,
33502.14,0.2396558,0.925143372,0.6163671,301.0075,,,
33502.14,0.2396619,0.925166919,0.6163671,300.1882,,,
33502.14,0.2396558,0.925143372,0.6208686,300.2864,,,
33502.14,0.2378979,0.91835735,0.6208686,299.419,,,
34002.18,0.2414258,0.931976103,0.62537,298.604,,,
34002.18,0.2396558,0.925143372,0.62537,300.3481,,,
34004.41,0.2396558,0.925143372,0.6298562,299.1817,,,
34002.18,0.2396619,0.925166919,0.6298715,299.7378,,,
34002.18,0.2378979,0.91835735,0.62537,299.7376,,,
34002.18,0.2396558,0.925143372,0.6298715,300.4288,,,
34002.18,0.2378979,0.91835735,0.62537,299.2574,,,
34002.18,0.2378979,0.91835735,0.62537,299.2576,,,
34002.18,0.2396558,0.925143372,0.62537,300.2484,,,
34002.18,0.2396558,0.925143372,0.62537,300.1491,,,
34002.18,0.2414258,0.931976103,0.62537,298.696,,,
34002.18,0.2378979,0.91835735,0.6343577,299.2585,,,
34002.18,0.2396619,0.925166919,0.62537,299.7374,,,
34002.18,0.2396558,0.925143372,0.6298562,299.3715,,,
34502.21,0.2378979,0.91835735,0.6388592,297.729,,,
34502.21,0.2378979,0.91835735,0.6388592,297.6221,,,
34502.21,0.2396558,0.925143372,0.6388592,298.9197,,,
34502.21,0.2378979,0.91835735,0.6388592,297.729,,,
34502.21,0.2378979,0.91835735,0.6388592,297.9978,,,
34502.21,0.2378979,0.91835735,0.6388592,297.6221,,,
34502.21,0.2378979,0.91835735,0.6388592,298.0697,,,
34505.21,0.2378979,0.91835735,0.6388592,300.2704,,,
34502.21,0.2396558,0.925143372,0.6388592,299.1115,,,
34502.21,0.2378979,0.91835735,0.6388592,297.9794,,,
34502.21,0.2396558,0.925143372,0.6388592,298.9974,,,
34502.21,0.2378979,0.91835735,0.6388592,297.622,,,
34502.21,0.2378979,0.91835735,0.6388592,297.5337,,,
34502.21,0.2378979,0.91835735,0.6388592,298.2518,,,
34505.21,0.2378979,0.91835735,0.6388592,297.8182,,,
34502.21,0.2378979,0.91835735,0.6388592,298.0882,,,
35002.24,0.2378979,0.91835735,0.6478469,298.3571,,,
35002.24,0.2378979,0.91835735,0.6523484,297.8965,,,
35002.24,0.2378979,0.91835735,0.6523484,297.8965,,,
35002.24,0.2378979,0.91835735,0.6523484,297.8056,,,
35002.24,0.2378979,0.91835735,0.6433455,297.9877,,,
35002.24,0.2378979,0.91835735,0.6523484,297.5542,,,
35002.24,0.2378979,0.91835735,0.6478469,298.2802,,,
35002.24,0.2414258,0.931976103,0.6478469,296.8342,,,
35002.24,0.2378979,0.91835735,0.6478469,297.6252,,,
35002.24,0.2378979,0.91835735,0.6433455,298.1715,,,
35002.24,0.2378979,0.91835735,0.6433455,298.0981,,,
35002.24,0.2378979,0.91835735,0.6523484,297.6252,,,
35002.24,0.2396558,0.925143372,0.6478469,297.7337,,,
35002.24,0.2378979,0.91835735,0.6478469,297.6252,,,
34997.04,0.2378979,0.91835735,0.6523484,299.0222,,,
35002.24,0.2396558,0.925143372,0.6523484,298.9245,,,
35502.27,0.2378979,0.91835735,0.6613513,297.2823,,,
35502.27,0.2361339,0.91154778,0.6613513,296.8449,,,
35502.27,0.2378979,0.91835735,0.6613513,296.8265,,,
35502.27,0.2378979,0.91835735,0.6613513,297.0203,,,
35502.27,0.2361339,0.91154778,0.6568499,296.5667,,,
35502.27,0.2361339,0.91154778,0.6613513,297.0018,,,
35502.27,0.2378979,0.91835735,0.6613513,297.1042,,,
35506.81,0.2378979,0.91835735,0.6568499,298.6592,,,
35502.27,0.2378979,0.91835735,0.6613513,296.7578,,,
35502.27,0.2378979,0.91835735,0.6613513,297.0946,,,
35502.27,0.2361339,0.91154778,0.6613513,297.0203,,,
35502.27,0.2396619,0.925166919,0.6613513,296.6712,,,
35502.27,0.2396619,0.925166919,0.6613513,296.8265,,,
35502.27,0.2396619,0.925166919,0.6613513,296.2258,,,
35502.27,0.2378979,0.91835735,0.6613513,296.9324,,,
35502.27,0.2378979,0.91835735,0.6568499,297.0203,,,
36002.3,0.2378979,0.91835735,0.6703544,296.6558,,,
36002.3,0.2343761,0.904762144,0.6703544,296.3815,,,
35998.38,0.2361339,0.91154778,0.6703544,298.8737,,,
36002.3,0.2361339,0.91154778,0.6703544,296.4681,,,
36002.3,0.2396619,0.925166919,0.6703544,300.0885,,,
36002.3,0.2361339,0.91154778,0.6703544,296.4681,,,
36002.3,0.2361339,0.91154778,0.6703544,296.4811,,,
36002.3,0.2378979,0.91835735,0.6703544,296.3138,,,
36002.3,0.2361339,0.91154778,0.6703544,296.4866,,,
36002.3,0.2361339,0.91154778,0.6748558,295.973,,,
36002.3,0.2361339,0.91154778,0.6703544,296.2281,,,
36002.3,0.2396619,0.925166919,0.6703544,296.0453,,,
36002.3,0.2361339,0.91154778,0.6703544,296.1426,,,
36002.3,0.2361339,0.91154778,0.6703544,296.3081,,,
36002.3,0.2378979,0.91835735,0.6703544,295.7216,,,
36002.3,0.2361339,0.91154778,0.6748558,295.7987,,,
36502.34,0.2361339,0.91154778,0.6793573,295.783,,,
36508.41,0.2343761,0.904762144,0.6793573,297.3607,,,
36502.34,0.2343761,0.904762144,0.6793573,295.783,,,
36502.34,0.2361339,0.91154778,0.6838588,295.783,,,
36499.05,0.2343761,0.904762144,0.6793573,297.2687,,,
36502.34,0.2396619,0.925166919,0.6748558,298.2094,,,
36502.34,0.23614,0.911571328,0.6793573,296.7208,,,
36502.34,0.2343761,0.904762144,0.6793573,295.6985,,,
36502.34,0.2343761,0.904762144,0.6793573,295.8615,,,
36502.34,0.2343761,0.904762144,0.6748558,295.1182,,,
36502.34,0.2343761,0.904762144,0.6838588,295.7646,,,
36508.41,0.23614,0.911571328,0.6838588,296.7261,,,
36502.34,0.2343761,0.904762144,0.6793573,295.9533,,,
36502.34,0.2343761,0.904762144,0.6793573,296.1251,,,
36502.34,0.2361339,0.91154778,0.6838588,295.6986,,,
36502.34,0.2343761,0.904762144,0.6793573,295.6919,,,
37002.37,0.2378979,0.91835735,0.6928464,296.5367,,,
37002.37,0.2343761,0.904762144,0.6928464,294.6786,,,
37002.37,0.2343761,0.904762144,0.688345,295.0867,,,
37002.37,0.2361339,0.91154778,0.688345,295.0042,,,
37002.37,0.2378979,0.91835735,0.688345,295.4016,,,
37002.37,0.2361339,0.91154778,0.6928464,297.4542,,,
37009.21,0.2378979,0.91835735,0.688345,296.6263,,,
37009.21,0.2343761,0.904762144,0.688345,296.8981,,,
37002.37,0.2343761,0.904762144,0.6928464,294.4998,,,
37002.37,0.2343761,0.904762144,0.688345,295.325,,,
37002.37,0.2361339,0.91154778,0.6928464,294.58,,,
37002.37,0.2343761,0.904762144,0.6928464,294.5882,,,
37002.37,0.23614,0.911571328,0.688345,295.9265,,,
37009.21,0.2343761,0.904762144,0.6973327,296.8071,,,
37002.37,0.2343761,0.904762144,0.688345,295.162,,,
37002.37,0.2343761,0.904762144,0.6928464,294.518,,,
37502.4,0.2343761,0.904762144,0.6973327,294.3174,,,
37502.4,0.2343761,0.904762144,0.7018341,295.4662,,,
37502.4,0.2361339,0.91154778,0.6973327,294.641,,,
37502.4,0.23437,0.904738596,0.7018342,296.7984,,,
37502.4,0.23437,0.904738596,0.6973327,294.0786,,,
37502.4,0.2343761,0.904762144,0.6973327,295.8994,,,
37502.4,0.2343761,0.904762144,0.7018342,296.4335,,,
37502.4,0.23437,0.904738596,0.7063357,294.228,,,
37510.02,0.2343761,0.904762144,0.6973327,295.8994,,,
37502.4,0.2343761,0.904762144,0.7063357,295.9873,,,
37502.4,0.2343761,0.904762144,0.6973327,294.5594,,,
37502.4,0.2361339,0.91154778,0.7018341,294.5595,,,
37502.4,0.2343761,0.904762144,0.7018342,293.8433,,,
37502.4,0.2343761,0.904762144,0.6973327,296.0756,,,
37500.4,0.2343761,0.904762144,0.6973327,296.2537,,,
37510.02,0.2361339,0.91154778,0.7018342,296.8909,,,
38001.07,0.2326121,0.897952574,0.7108371,296.0565,,,
38002.43,0.2361339,0.91154778,0.7108371,293.7075,,,
38002.43,0.2343761,0.904762144,0.7108371,293.716,,,
38002.43,0.2326121,0.897952574,0.7108371,293.542,,,
38002.43,0.2308481,0.891143004,0.7108371,293.3284,,,
38002.43,0.2343761,0.904762144,0.7108371,293.6379,,,
38002.43,0.2326121,0.897952574,0.7108371,293.3286,,,
38002.43,0.2343761,0.904762144,0.7108371,293.1761,,,
38002.43,0.23437,0.904738596,0.7108371,293.176,,,
38002.43,0.2326121,0.897952574,0.7108371,293.0147,,,
38010.82,0.2361339,0.91154778,0.7108371,296.4194,,,
38002.43,0.2343761,0.904762144,0.7108371,293.4053,,,
38002.43,0.23437,0.904738596,0.7153386,293.6378,,,
38002.43,0.2308481,0.891143004,0.7198401,294.033,,,
38002.43,0.2326121,0.897952574,0.7063357,293.8738,,,
38002.43,0.2343761,0.904762144,0.7108371,293.4825,,,
38502.46,0.2326121,0.897952574,0.71984,293.5463,,,
38502.46,0.2326121,0.897952574,0.7018341,295.033,,,
38501.75,0.2326121,0.897952574,0.7153386,295.033,,,
38502.46,0.2326121,0.897952574,0.7243416,292.6161,,,
38501.75,0.23437,0.904738596,0.7243416,295.4812,,,
38502.46,0.2326121,0.897952574,0.7198401,292.8676,,,
38502.46,0.2326121,0.897952574,0.71984,292.9426,,,
38502.46,0.2326121,0.897952574,0.71984,293.4595,,,
38502.46,0.2308481,0.891143004,0.7288431,292.3802,,,
38501.75,0.2326121,0.897952574,0.7198401,294.5886,,,
38502.46,0.2326121,0.897952574,0.7153386,293.6331,,,
38502.46,0.2326121,0.897952574,0.7198401,294.3238,,,
38502.46,0.2343761,0.904762144,0.7018341,294.5002,,,
38502.46,0.2308481,0.891143004,0.7018341,293.6331,,,
38502.46,0.2343761,0.904762144,0.7198401,292.8499,,,
38502.46,0.2308481,0.891143004,0.7153386,294.6773,,,
39002.5,0.2308481,0.891143004,0.7288431,293.0387,,,
39002.5,0.23437,0.904738596,0.737846,292.6233,,,
39002.5,0.2308481,0.891143004,0.7288431,295.0409,,,
39002.5,0.2326121,0.897952574,0.7333446,292.8798,,,
39002.5,0.2326121,0.897952574,0.7288431,293.1982,,,
39002.5,0.2326121,0.897952574,0.7333446,293.1114,,,
39002.5,0.23437,0.904738596,0.7288431,292.171,,,
39002.5,0.2326121,0.897952574,0.7288431,293.0318,,,
39002.42,0.2308481,0.891143004,0.7288431,295.3619,,,
39002.5,0.23437,0.904738596,0.7288431,292.3217,,,
39002.5,0.2308481,0.891143004,0.7333446,294.9778,,,
39002.5,0.2308481,0.891143004,0.7333446,293.4309,,,
39002.5,0.2308481,0.891143004,0.7333446,293.5916,,,
39002.5,0.2326121,0.897952574,0.7288431,293.8495,,,
39002.5,0.2308481,0.891143004,0.7288431,293.1114,,,
39002.5,0.2308481,0.891143004,0.7288431,292.9456,,,
39502.53,0.2308481,0.891143004,0.737846,293.625,,,
39502.53,0.2290903,0.884357368,0.7423322,293.7917,,,
39502.53,0.2308481,0.891143004,0.737846,294.1266,,,
39502.53,0.2290903,0.884357368,0.7333446,294.1267,,,
39502.53,0.2308542,0.891166552,0.737846,296.6102,,,
39502.53,0.2308481,0.891143004,0.737846,293.625,,,
39502.53,0.2308481,0.891143004,0.7423322,293.625,,,
39502.53,0.2308481,0.891143004,0.737846,293.3685,,,
39502.53,0.2308481,0.891143004,0.7468337,293.7916,,,
39502.53,0.2308542,0.891166552,0.7423322,292.8821,,,
39502.53,0.2326121,0.897952574,0.7423322,292.637,,,
39503.09,0.2308481,0.891143004,0.7423322,296.0848,,,
39502.53,0.2290903,0.884357368,0.7333446,294.2107,,,
39502.53,0.2290903,0.884357368,0.737846,294.295,,,
39502.53,0.2290903,0.884357368,0.737846,296.5223,,,
39492.97,0.2308481,0.891143004,0.737846,294.9639,,,
40002.56,0.2290903,0.884357368,0.7468337,293.69,,,
40002.56,0.2290903,0.884357368,0.7468337,294.5478,,,
40002.56,0.2290903,0.884357368,0.7468337,294.5478,,,
40002.56,0.2290903,0.884357368,0.7468337,294.0544,,,
40002.56,0.2308481,0.891143004,0.7513352,293.8024,,,
40002.56,0.2290903,0.884357368,0.7513351,297.9972,,,
40002.56,0.2290903,0.884357368,0.7513352,294.0544,,,
40002.56,0.2290903,0.884357368,0.7468337,293.8109,,,
40002.56,0.2290903,0.884357368,0.7468337,294.2905,,,
40002.56,0.2326121,0.897952574,0.7513351,295.0027,,,
40002.56,0.2273263,0.877547798,0.7558214,295.1772,,,
40002.56,0.2273263,0.877547798,0.7468337,297.1462,,,
40002.56,0.2308542,0.891166552,0.7468337,292.7422,,,
40002.56,0.2290903,0.884357368,0.7468337,293.69,,,
40002.56,0.2290903,0.884357368,0.7468337,294.7979,,,
40002.56,0.2290903,0.884357368,0.7468337,294.0543,,,
40502.59,0.2273263,0.877547798,0.7603381,293.5212,,,
40502.59,0.2326121,0.897952574,0.7603229,293.2785,,,
40502.59,0.2290903,0.884357368,0.7648244,293.3995,,,
40502.59,0.2273263,0.877547798,0.7648244,293.8893,,,
40502.59,0.2290903,0.884357368,0.7648244,298.1307,,,
40502.59,0.2326121,0.897952574,0.7648244,297.2859,,,
40502.59,0.2290903,0.884357368,0.7693259,294.2626,,,
40502.59,0.2290903,0.884357368,0.7603229,297.2859,,,
40502.59,0.2290903,0.884357368,0.7558367,293.5211,,,
40502.59,0.2290903,0.884357368,0.7603381,293.3996,,,
40502.59,0.2308481,0.891143004,0.7648244,296.5993,,,
40502.59,0.2290903,0.884357368,0.7603381,293.5211,,,
40502.59,0.2290903,0.884357368,0.7603381,298.562,,,
40502.59,0.2290903,0.884357368,0.7648244,294.0132,,,
40502.59,0.2308481,0.891143004,0.7648244,296.7353,,,
40934.06,0.2273263,0.877547798,0.7693259,293.2951,,,
41002.63,0.2273263,0.877547798,0.7648244,295.648,,,
41002.63,0.2290903,0.884357368,0.7648244,292.8593,,,
41002.63,0.2273263,0.877547798,0.7648244,292.9806,,,
41002.63,0.2308542,0.891166552,0.7648244,297.4395,,,
41002.63,0.2308542,0.891166552,0.7648244,291.5625,,,
40994.6,0.2273263,0.877547798,0.7693259,296.188,,,
41002.63,0.2273263,0.877547798,0.7648244,293.1023,,,
41002.63,0.2273263,0.877547798,0.7648244,295.9165,,,
41002.63,0.2290903,0.884357368,0.7648244,297.0163,,,
41002.63,0.2290903,0.884357368,0.7648244,297.0162,,,
41002.63,0.2308542,0.891166552,0.7693259,292.499,,,
41002.63,0.2273263,0.877547798,0.7648244,296.0518,,,
40994.6,0.2273263,0.877547798,0.7648244,296.1878,,,
41002.63,0.2308542,0.891166552,0.7648244,291.9095,,,
41002.63,0.2290903,0.884357368,0.7648244,292.8593,,,
41502.66,0.2273263,0.877547798,0.7783288,295.9048,,,
41502.66,0.2273263,0.877547798,0.7738273,292.7982,,,
41502.66,0.2273263,0.877547798,0.7783288,295.7679,,,
41502.66,0.2273263,0.877547798,0.7738273,292.3384,,,
41502.66,0.2273263,0.877547798,0.7783288,292.7909,,,
41502.66,0.2273263,0.877547798,0.7828302,295.0928,,,
41502.66,0.2308542,0.891166552,0.7783288,295.7679,,,
41502.66,0.2273263,0.877547798,0.7738273,292.5538,,,
41502.66,0.2290903,0.884357368,0.7783288,296.3194,,,
41502.66,0.2273263,0.877547798,0.7783288,292.9214,,,
41502.66,0.2290903,0.884357368,0.7783288,296.8815,,,
41502.66,0.2273263,0.877547798,0.7693259,293.0371,,,
41505.79,0.2290903,0.884357368,0.7828302,296.1806,,,
41502.66,0.2273263,0.877547798,0.7828302,295.361,,,
41502.66,0.2290903,0.884357368,0.7783288,297.1664,,,
41502.66,0.2273263,0.877547798,0.7738273,292.1915,,,
41995.69,0.2290903,0.884357368,0.7783288,296.4565,,,
42002.69,0.2273263,0.877547798,0.7828302,291.2815,,,
42002.69,0.2273263,0.877547798,0.7918333,291.0472,,,
42002.69,0.2273263,0.877547798,0.7783288,291.7568,,,
42002.69,0.2273263,0.877547798,0.7828302,291.3993,,,
42002.69,0.2273263,0.877547798,0.7783288,295.203,,,
42002.69,0.2290903,0.884357368,0.7828302,295.7534,,,
42002.69,0.2273263,0.877547798,0.7873318,293.1389,,,
42006.46,0.2273263,0.877547798,0.7828302,294.6629,,,
42002.69,0.2255684,0.870761776,0.7828302,295.2027,,,
42002.69,0.2308542,0.891166552,0.7873318,290.2413,,,
42002.69,0.2273263,0.877547798,0.7828303,292.2413,,,
42002.69,0.2273263,0.877547798,0.7828302,291.3996,,,
42006.46,0.2273263,0.877547798,0.7828302,295.2029,,,
42002.69,0.2290903,0.884357368,0.7918332,291.8769,,,
42002.69,0.2273263,0.877547798,0.7873318,295.3395,,,
42452.72,0.2273263,0.877547798,0.7918333,291.5754,,,
42502.72,0.2255684,0.870761776,0.8008209,292.0442,,,
42502.72,0.2255684,0.870761776,0.7918333,293.9572,,,
42502.72,0.2273263,0.877547798,0.7963347,293.9572,,,
42502.72,0.2255684,0.870761776,0.7963195,294.6289,,,
42502.72,0.2290903,0.884357368,0.7963195,290.8342,,,
42502.72,0.2255684,0.870761776,0.8008209,291.7985,,,
42502.72,0.2255684,0.870761776,0.7963195,292.1682,,,
42502.72,0.2255623,0.870738228,0.7963195,291.1893,,,
42502.72,0.2273263,0.877547798,0.8008209,291.1942,,,
42502.72,0.2273263,0.877547798,0.7963195,290.488,,,
42502.72,0.2255684,0.870761776,0.7963195,292.4107,,,
42496.23,0.2255684,0.870761776,0.7963347,293.5621,,,
42502.72,0.2255684,0.870761776,0.7963195,294.7651,,,
42496.23,0.2290903,0.884357368,0.8008209,295.4567,,,
42524.5,0.2273263,0.877547798,0.7963347,291.8604,,,
43002.75,0.2255684,0.870761776,0.8008209,291.4701,,,
43502.79,0.2238044,0.863952206,0.8098087,290.3154,,,
43508.48,0.2238044,0.863952206,0.8143101,292.6556,,,
43502.79,0.2238044,0.863952206,0.8098239,293.1853,,,
43502.79,0.2238044,0.863952206,0.8098239,290.2841,,,
43502.79,0.2238044,0.863952206,0.8143101,290.3999,,,
43502.79,0.2238044,0.863952206,0.8098239,290.1651,,,
43502.79,0.2255684,0.870761776,0.8053224,293.0519,,,
43508.48,0.2255684,0.870761776,0.8053224,292.6556,,,
43502.79,0.2255684,0.870761776,0.8098239,293.1853,,,
43502.79,0.2238044,0.863952206,0.8098239,290.2839,,,
43502.79,0.2238044,0.863952206,0.8098239,293.1852,,,
43502.79,0.2273263,0.877547798,0.8098239,289.3483,,,
43502.79,0.2238044,0.863952206,0.8098239,293.1852,,,
43502.79,0.2255623,0.870738228,0.8098239,294.1382,,,
43702.8,0.2255623,0.870738228,0.8188117,294.3444,,,
44002.82,0.2238044,0.863952206,0.8188117,292.4525,,,
43997.87,0.2273263,0.877547798,0.8188117,292.3203,,,
44002.82,0.2238044,0.863952206,0.8188117,289.5767,,,
44002.82,0.2238044,0.863952206,0.8233131,290.0561,,,
44002.82,0.2255684,0.870761776,0.8188117,292.3203,,,
44002.82,0.2238044,0.863952206,0.8188117,289.1117,,,
44002.82,0.2238044,0.863952206,0.8143101,292.4525,,,
44002.82,0.2238044,0.863952206,0.8188117,292.058,,,
44002.82,0.2255623,0.870738228,0.8188117,293.6735,,,
44002.82,0.2238044,0.863952206,0.8188117,289.5766,,,
44002.82,0.2238044,0.863952206,0.8188117,292.3204,,,
44002.82,0.2238044,0.863952206,0.8188117,292.3203,,,
44002.82,0.2255623,0.870738228,0.8188117,289.2257,,,
44002.82,0.2238044,0.863952206,0.8233131,292.5854,,,
44002.82,0.2238044,0.863952206,0.8188117,289.6948,,,
44252.83,0.2238044,0.863952206,0.8278146,289.1056,,,
44502.85,0.2220405,0.857143023,0.8278146,292.3774,,,
44509.82,0.2238044,0.863952206,0.8233131,292.243,,,
44502.85,0.2220405,0.857143023,0.8278146,292.1094,,,
44502.85,0.2238044,0.863952206,0.8233131,289.6976,,,
44502.85,0.2238044,0.863952206,0.8278146,289.1032,,,
44502.85,0.2220405,0.857143023,0.8278146,288.5205,,,
44502.85,0.2238044,0.863952206,0.8278146,291.0648,,,
44502.85,0.2238044,0.863952206,0.8233131,289.3402,,,
44502.85,0.2238044,0.863952206,0.8233131,289.1331,,,
44502.85,0.2238044,0.863952206,0.8233131,289.3381,,,
44502.85,0.2238044,0.863952206,0.8233131,289.6976,,,
44502.85,0.2238044,0.863952206,0.8233131,289.2194,,,
44509.82,0.2238044,0.863952206,0.832316,292.1094,,,
44502.85,0.2238044,0.863952206,0.8233131,291.5816,,,
44502.85,0.2238044,0.863952206,0.8233131,289.1032,,,
45002.88,0.2237983,0.863928659,0.8368175,287.2759,,,
45002.88,0.2220405,0.857143023,0.8368175,288.1811,,,
45002.88,0.2220405,0.857143023,0.8368175,292.5752,,,
45002.88,0.2220405,0.857143023,0.8368175,291.892,,,
45002.88,0.2220405,0.857143023,0.832316,288.9729,,,
45002.88,0.2238044,0.863952206,0.8368175,288.7365,,,
45002.88,0.2237983,0.863928659,0.8368175,288.1524,,,
45002.88,0.2220405,0.857143023,0.8368175,288.8851,,,
45002.88,0.2220405,0.857143023,0.832316,292.437,,,
45002.88,0.2220405,0.857143023,0.832316,288.5004,,,
45002.88,0.2238044,0.863952206,0.841319,290.9655,,,
45002.88,0.2238044,0.863952206,0.832316,288.648,,,
45010.5,0.2220405,0.857143023,0.8368175,292.2996,,,
45002.88,0.2238044,0.863952206,0.8368175,291.3584,,,
45002.88,0.2238044,0.863952206,0.8368175,290.9656,,,
45002.88,0.2238044,0.863952206,0.8458205,289.9482,,,
45502.91,0.2220405,0.857143023,0.8458205,290.9948,,,
45502.91,0.2220405,0.857143023,0.841319,291.128,,,
45502.91,0.2202765,0.850333453,0.841319,290.6,,,
45502.91,0.2220405,0.857143023,0.841319,291.3962,,,
45502.91,0.2220405,0.857143023,0.841319,291.9416,,,
45502.91,0.2220405,0.857143023,0.8368175,291.9416,,,
45502.91,0.2220405,0.857143023,0.841319,290.6,,,
45502.91,0.2220405,0.857143023,0.8458205,290.4699,,,
45502.91,0.2220405,0.857143023,0.841319,288.2422,,,
45511.16,0.2237983,0.863928659,0.8368175,292.2188,,,
45502.91,0.2220405,0.857143023,0.841319,292.6402,,,
45502.91,0.2202765,0.850333453,0.841319,288.1249,,,
45502.91,0.2220405,0.857143023,0.8458205,290.3404,,,
45502.91,0.2220405,0.857143023,0.8458205,287.66,,,
45511.16,0.2202765,0.850333453,0.841319,290.6001,,,
45502.91,0.2220405,0.857143023,0.841319,287.8036,,,
46011.84,0.2202765,0.850333453,0.850322,290.2255,,,
46002.95,0.2202765,0.850333453,0.850322,289.5786,,,
46000.05,0.2202765,0.850333453,0.8548235,290.0947,,,
46002.95,0.2202765,0.850333453,0.8548235,286.8441,,,
46002.95,0.2202765,0.850333453,0.850322,290.0947,,,
46002.95,0.2220405,0.857143023,0.8548235,287.5063,,,
46002.95,0.2220405,0.857143023,0.8548235,291.0258,,,
46002.95,0.2202765,0.850333453,0.850322,287.7685,,,
46002.95,0.2202765,0.850333453,0.8548235,287.1601,,,
46002.95,0.2202765,0.850333453,0.8503219,290.6223,,,
46002.95,0.2220405,0.857143023,0.8593249,287.5063,,,
46000.05,0.2238044,0.863952206,0.850322,290.357,,,
46002.95,0.2202765,0.850333453,0.850322,289.9646,,,
46002.95,0.2202765,0.850333453,0.850322,290.357,,,
46002.95,0.2220405,0.857143023,0.850322,291.2986,,,
46002.95,0.2220405,0.857143023,0.850322,287.5336,,,
46502.98,0.2220405,0.857143023,0.8593249,293.8387,,,
46502.98,0.2220405,0.857143023,0.8458205,288.4349,,,
46500.59,0.2202765,0.850333453,0.8593249,291.9875,,,
46502.98,0.2185125,0.843523883,0.8548235,289.5545,,,
46502.98,0.2220405,0.857143023,0.8593249,288.4349,,,
46502.98,0.2202765,0.850333453,0.850322,287.7068,,,
46502.98,0.2185125,0.843523883,0.8548235,282.7453,,,
46502.98,0.2185125,0.843523883,0.850322,288.4349,,,
46502.98,0.2220405,0.857143023,0.850322,288.435,,,
46502.98,0.2185125,0.843523883,0.8548235,288.4349,,,
46500.59,0.2202765,0.850333453,0.8458205,288.4349,,,
46502.98,0.2202765,0.850333453,0.8458205,288.4349,,,
46502.98,0.2202765,0.850333453,0.8548235,288.435,,,
46502.98,0.2185125,0.843523883,0.850322,288.435,,,
46502.98,0.2202765,0.850333453,0.8548235,288.4349,,,
46502.98,0.2220405,0.857143023,0.8593249,294.2417,,,
47003.01,0.2202765,0.850333453,0.8683126,289.0734,,,
47003.01,0.2202765,0.850333453,0.8683126,288.9569,,,
47003.01,0.2220344,0.857119475,0.8683126,291.5753,,,
47003.01,0.2185125,0.843523883,0.8683126,289.8963,,,
47003.01,0.2185125,0.843523883,0.8683126,286.7853,,,
47003.01,0.2220405,0.857143023,0.8683126,289.7781,,,
47003.01,0.2202765,0.850333453,0.8683126,288.8405,,,
47003.01,0.2202765,0.850333453,0.8683126,288.4927,,,
47003.01,0.2202765,0.850333453,0.8683126,288.7242,,,
47003.01,0.2202765,0.850333453,0.8683126,286.8975,,,
47003.01,0.2185125,0.843523883,0.8683126,286.5874,,,
47003.01,0.2185125,0.843523883,0.8683126,286.8114,,,
47003.01,0.2202765,0.850333453,0.8683126,289.5422,,,
47003.01,0.2202765,0.850333453,0.8683126,286.339,,,
47003.01,0.2185125,0.843523883,0.8683126,286.4502,,,
47003.01,0.2220405,0.857143023,0.8683126,286.2531,,,
47503.04,0.2185125,0.843523883,0.8728141,288.5436,,,
47503.04,0.2202765,0.850333453,0.8773003,289.753,,,
47503.04,0.2185125,0.843523883,0.8773003,288.3264,,,
47503.04,0.2202765,0.850333453,0.8728141,285.9915,,,
47503.04,0.2167486,0.836714699,0.8773003,288.4349,,,
47503.04,0.2185125,0.843523883,0.8773003,287.1714,,,
47503.04,0.2167486,0.836714699,0.8728141,285.5778,,,
47503.04,0.2202765,0.850333453,0.8728141,288.9806,,,
47503.04,0.2167486,0.836714699,0.8773003,288.4349,,,
47503.04,0.2185125,0.843523883,0.8728141,289.3104,,,
47503.04,0.2202765,0.850333453,0.8728141,288.6525,,,
47503.04,0.2185125,0.843523883,0.8728141,289.5313,,,
47503.04,0.2185125,0.843523883,0.8728141,285.8071,,,
47503.04,0.2185125,0.843523883,0.8728141,285.9915,,,
47503.04,0.2202765,0.850333453,0.8728141,289.2003,,,
47503.04,0.2202765,0.850333453,0.8728141,289.2002,,,
48003.07,0.2202765,0.850333453,0.8818018,288.0771,,,
48003.07,0.2185125,0.843523883,0.8773003,286,,,
48002.23,0.2167486,0.836714699,0.8818018,287.2679,,,
48003.07,0.2167486,0.836714699,0.8818018,286.6688,,,
48003.07,0.2167486,0.836714699,0.8818018,287.671,,,
48003.07,0.2167486,0.836714699,0.8818018,285.3934,,,
48003.07,0.2167486,0.836714699,0.8818018,287.1676,,,
48003.07,0.2167486,0.836714699,0.8773003,287.8737,,,
48003.07,0.2167486,0.836714699,0.8818018,285.6848,,,
48003.07,0.2202765,0.850333453,0.8773003,288.8983,,,
48002.23,0.2167486,0.836714699,0.8863033,288.3837,,,
48003.07,0.2167486,0.836714699,0.8773003,287.8736,,,
48002.23,0.2167486,0.836714699,0.8818018,287.0675,,,
48003.07,0.2167486,0.836714699,0.8818018,287.3684,,,
48003.07,0.2185125,0.843523883,0.8818018,287.9754,,,
48503.11,0.2185125,0.843523883,0.8908048,288.3379,,,
48503.11,0.2185125,0.843523883,0.8863033,285.6884,,,
48503.11,0.2167486,0.836714699,0.8908048,285.0657,,,
48503.11,0.2167486,0.836714699,0.8863033,287.5675,,,
48503.11,0.2167486,0.836714699,0.8908048,285.5962,,,
48503.11,0.2149907,0.829928677,0.8908048,288.1443,,,
48502.77,0.2149907,0.829928677,0.8908048,288.3379,,,
48503.11,0.2167486,0.836714699,0.8863033,285.6163,,,
48503.11,0.2149907,0.829928677,0.8908048,285.5042,,,
48503.11,0.2149907,0.829928677,0.8863033,288.241,,,
48503.11,0.2202765,0.850333453,0.8863033,287.1864,,,
48502.77,0.2149907,0.829928677,0.8863033,287.9514,,,
48503.11,0.2167486,0.836714699,0.8863033,287.0916,,,
48503.11,0.2185125,0.843523883,0.8863033,287.1865,,,
48503.11,0.2167486,0.836714699,0.8863033,285.8733,,,
48503.11,0.2185125,0.843523883,0.8953062,285.8012,,,
49003.14,0.2185125,0.843523883,0.8953062,285.5241,,,
49003.14,0.2167547,0.836738247,0.8953062,288.9592,,,
49003.14,0.2149907,0.829928677,0.8953062,288.7681,,,
49003.14,0.2167547,0.836738247,0.8953062,288.4825,,,
49003.14,0.2149907,0.829928677,0.8953062,288.5775,,,
49003.14,0.2167486,0.836714699,0.8953062,287.8215,,,
49003.14,0.2185186,0.843547431,0.8953062,285.0766,,,
49003.14,0.2167486,0.836714699,0.8998078,287.1682,,,
49003.14,0.2167486,0.836714699,0.8953062,288.1038,,,
49003.14,0.2149907,0.829928677,0.8953062,288.1982,,,
49003.14,0.2167486,0.836714699,0.8953062,285.9051,,,
49003.14,0.2167547,0.836738247,0.8953062,288.6968,,,
49003.14,0.2185125,0.843523883,0.8953062,288.0095,,,
49003.14,0.2149907,0.829928677,0.8953062,288.5775,,,
49003.14,0.2167547,0.836738247,0.8953062,288.5775,,,
49003.14,0.2149907,0.829928677,0.8953062,288.2928,,,
49503.17,0.2149907,0.829928677,0.9043092,289.9229,,,
49503.17,0.2167547,0.836738247,0.9043092,286.0599,,,
49503.17,0.2167486,0.836714699,0.9043092,289.2239,,,
49503.17,0.2167486,0.836714699,0.9043092,289.1247,,,
49503.17,0.2167547,0.836738247,0.8998078,289.1247,,,
49503.17,0.2167547,0.836738247,0.9043092,290.225,,,
49503.17,0.2149907,0.829928677,0.9043092,290.0233,,,
49503.17,0.2149907,0.829928677,0.9043092,290.0234,,,
49503.17,0.2167486,0.836714699,0.9043092,289.3232,,,
49503.17,0.2149907,0.829928677,0.9043092,290.4271,,,
49503.17,0.2167547,0.836738247,0.9043092,290.2249,,,
49503.17,0.2167547,0.836738247,0.9043092,290.2249,,,
49503.17,0.2149907,0.829928677,0.9043092,289.9229,,,
49503.17,0.2149907,0.829928677,0.9043092,287.0802,,,
49503.17,0.2149907,0.829928677,0.9043092,290.427,,,
50003.2,0.2149907,0.829928677,0.9088107,287.9813,,,
50003.2,0.2132267,0.823119107,0.9133122,288.5869,,,
50003.2,0.2132267,0.823119107,0.9088107,290.442,,,
50003.2,0.2149907,0.829928677,0.9088107,291.8169,,,
50003.2,0.2149907,0.829928677,0.9088107,292.1382,,,
50003.2,0.2132267,0.823119107,0.9133122,290.6514,,,
50003.2,0.2167547,0.836738247,0.9133122,291.9239,,,
50003.2,0.2149907,0.829928677,0.9088107,288.2832,,,
50003.2,0.2132267,0.823119107,0.9088107,290.8619,,,
