Time,Channel A
(ms),(V)
,
0.0021542,0.00253304
0.0071622,-0.01214637
0.0121702,-0.0003357
0.0171782,0.00143437
0.0221862,-0.0054323
0.0271942,-0.005768
0.0322022,0.00909452
0.0372102,0.01147496
0.0422182,0.0151677
0.0472262,0.00222785
0.0522342,0.01004059
0.0572422,0.0151677
0.0622502,0.009888
0.0672582,0.01675466
0.0722662,0.01770074
0.0772742,0.01770074
0.0822822,0.01818903
0.0872902,0.02600177
0.0922982,0.01882992
0.0973062,0.01577807
0.1023142,0.02664266
0.1073222,0.03543199
0.1123302,0.03415021
0.1173382,0.0343028
0.1223462,0.02105777
0.1273542,0.03286843
0.1323622,0.03765984
0.1373702,0.03592028
0.1423782,0.03894162
0.1473862,0.04135258
0.1523942,0.04388562
0.1574022,0.03830073
0.1624102,0.04071169
0.1674182,0.03781243
0.1724262,0.0455031
0.1774342,0.04101688
0.1824422,0.04882962
0.1874502,0.04821924
0.1924582,0.04757836
0.1974662,0.04644917
0.2024742,0.05444502
0.2074822,0.05395672
0.21249019,0.04882962
0.21749819,0.05795465
0.22250619,0.05346843
0.22751419,0.05954161
0.23252219,0.05731376
0.23753019,0.06131168
0.24253819,0.05841243
0.24754619,0.06146428
0.25255419,0.05444502
0.25756219,0.05090487
0.26257019,0.06576739
0.26757819,0.0547502
0.27258619,0.05587939
0.27759419,0.05569628
0.28260219,0.05923643
0.28761019,0.06863613
0.29261819,0.06161687
0.29762619,0.06274606
0.30263419,0.0646382
0.30764219,0.0596942
0.31265019,0.07184057
0.31765819,0.06176946
0.32266619,0.05923643
0.32767419,0.07293924
0.33268219,0.05395672
0.33769019,0.06131168
0.34269819,0.05905332
0.34770619,0.06210517
0.35271419,0.05954161
0.35772219,0.05603198
0.36273019,0.06735435
0.36773819,0.06353953
0.37274619,0.06689657
0.37775419,0.06225776
0.38276219,0.05075228
0.38777019,0.0601825
0.39277819,0.05746635
0.39778619,0.06082339
0.40279419,0.06418043
0.40780219,0.05746635
0.41281019,0.05697806
0.41781819,0.05859554
0.42282619,0.05316325
0.42783419,0.06210517
0.43284219,0.05124058
0.43785019,0.05331584
0.44285819,0.05380413
0.44786618,0.04709006
0.45287418,0.05587939
0.45788218,0.05905332
0.46289018,0.05410932
0.46789818,0.05841243
0.47290618,0.06353953
0.47791418,0.0547502
0.48292218,0.04709006
0.48793018,0.05090487
0.49293818,0.0494705
0.49794618,0.06192205
0.50295418,0.03543199
0.50796218,0.05282754
0.51297018,0.03878903
0.51797818,0.05731376
0.52298618,0.04214606
0.52799418,0.05011139
0.53300218,0.05331584
0.53801018,0.04931791
0.54301818,0.04580828
0.54802618,0.04116947
0.55303418,0.03573718
0.55804218,0.03558458
0.56305018,0.03543199
0.56805818,0.02649007
0.57306618,0.02887051
0.57807418,0.04150517
0.58308218,0.03799554
0.58809018,0.0298471
0.59309818,0.0298471
0.59810618,0.02761925
0.60311418,0.02728355
0.60812218,0.02841273
0.61313018,0.03637806
0.61813818,0.01724296
0.62314618,0.02218696
0.62815418,0.02697836
0.63316218,0.01785333
0.63817018,0.02328562
0.64317818,0.02569658
0.64818618,0.01196326
0.65319418,0.0201117
0.65820218,0.01309244
0.66321018,0.01226844
0.66821818,0.0093997
0.67322618,0.01785333
0.67823418,0.01324503
0.68324218,-0.00225837
0.68825017,0.00430311
0.69325817,0.00509659
0.69826617,0.00061037
0.70327417,-0.00161748
0.70828217,0.01181066
0.71329017,0.01162755
0.71829817,0.00317393
0.72330617,-0.00399793
0.72831417,-0.00592059
0.73332217,-0.000824
0.73833017,-0.01150548
0.74333817,-0.00769066
0.74834617,-0.005768
0.75335417,-0.0159917
0.75836217,-0.00927763
0.76337017,-0.01406903
0.76837817,-0.00625629
0.77338617,-0.01184118
0.77839417,-0.01293985
0.78340217,-0.01901303
0.78841017,-0.0155034
0.79341817,-0.02859584
0.79842617,-0.01773125
0.80343417,-0.02124088
0.80844217,-0.01773125
0.81345017,-0.02285836
0.81845817,-0.03225806
0.82346617,-0.0258797
0.82847417,-0.03546251
0.83348217,-0.0209357
0.83849017,-0.02188177
0.84349817,-0.02731407
0.84850617,-0.02716147
0.85351417,-0.03625599
0.85852217,-0.03369243
0.86353017,-0.03353984
0.86853817,-0.03451644
0.87354617,-0.02829066
0.87855417,-0.03784295
0.88356217,-0.04104739
0.88857017,-0.03946043
0.89357817,-0.0461745
0.89858617,-0.05334635
0.90359417,-0.04184088
0.90860217,-0.04297006
0.91361017,-0.05719168
0.91861817,-0.06036561
0.92362616,-0.04647969
0.92863416,-0.04950102
0.93364216,-0.06021302
0.93865016,-0.0463271
0.94365816,-0.05941954
0.94866616,-0.05621509
0.95367416,-0.07058931
0.95868216,-0.06530961
0.96369016,-0.05734428
0.96869816,-0.0659505
0.97370616,-0.05734428
0.97871416,-0.04824976
0.98372216,-0.06466872
0.98873016,-0.06802576
0.99373816,-0.07187109
0.99874616,-0.06643879
1.00375416,-0.06772057
1.00876216,-0.06723227
1.01377016,-0.06357005
1.01877816,-0.07217628
1.02378616,-0.06836146
1.02879416,-0.06195258
1.03380216,-0.06946012
1.03881016,-0.07107761
1.04381816,-0.06277657
1.04882616,-0.07696768
1.05383416,-0.0760216
1.05884216,-0.07858516
1.06385016,-0.07953124
1.06885816,-0.0756859
1.07386616,-0.06787317
1.07887416,-0.07345805
1.08388216,-0.07794427
1.08889016,-0.07425153
1.09389816,-0.06915494
1.09890616,-0.07873775
1.10391416,-0.07458724
1.10892216,-0.07730339
1.11393016,-0.08990753
1.11893816,-0.0761742
1.12394616,-0.08081301
1.12895416,-0.07730339
1.13396216,-0.07538072
1.13897016,-0.07696768
1.14397816,-0.08398694
1.14898616,-0.08447523
1.15399416,-0.08224738
1.15900215,-0.07394635
1.16401015,-0.07553331
1.16901815,-0.08481093
1.17402615,-0.07937864
1.17903415,-0.08337657
1.18404215,-0.07522812
1.18905015,-0.07745598
1.19405815,-0.07074191
1.19906615,-0.08224738
1.20407415,-0.09375286
1.20908215,-0.07043672
1.21409015,-0.07937864
1.21909815,-0.07345805
1.22410615,-0.07010102
1.22911415,-0.07409894
1.23412215,-0.07696768
1.23913015,-0.07553331
1.24413815,-0.08481093
1.24914615,-0.06341746
1.25415415,-0.07889035
1.25916215,-0.07538072
1.26417015,-0.07089449
1.26917815,-0.07522812
1.27418615,-0.06979583
1.27919415,-0.07425153
1.28420215,-0.08319346
1.28921015,-0.06485184
1.29421815,-0.06900235
1.29922615,-0.06866664
1.30423415,-0.06244087
1.30924215,-0.06292917
1.31425015,-0.07074191
1.31925815,-0.05813776
1.32426615,-0.06070131
1.32927415,-0.06866664
1.33428215,-0.06613361
1.33929015,-0.06994842
1.34429815,-0.05957213
1.34930615,-0.05972472
1.35431415,-0.05590991
1.35932215,-0.06530961
1.36433015,-0.05285806
1.36933815,-0.05032502
1.37434615,-0.04855495
1.37935415,-0.05685598
1.38436215,-0.04886013
1.38937015,-0.03738517
1.39437815,-0.04153569
1.39938614,-0.05670339
1.40439414,-0.04647969
1.40940214,-0.04519791
1.41441014,-0.04553362
1.41941814,-0.04983672
1.42442614,-0.04119999
1.42943414,-0.03402814
1.43444214,-0.03097629
1.43945014,-0.0359508
1.44445814,-0.0253914
1.44946614,-0.02987762
1.45447414,-0.02700888
1.45948214,-0.03146458
1.46449014,-0.02780236
1.46949814,-0.03051851
1.47450614,-0.02267525
1.47951414,-0.01312296
1.48452214,-0.02380444
1.48953014,-0.01565599
1.49453814,-0.00958281
1.49954614,-0.00750755
1.50455414,-0.01757866
1.50956214,-0.00976592
1.51457014,-0.0052797
1.51957814,-0.00479141
1.52458614,0.00173956
1.52959414,0.00381481
1.53460214,0.00781274
1.53961014,-0.00686667
1.54461814,-0.00177007
1.54962614,-0.00305185
1.55463414,0.01660207
1.55964214,0.01083407
1.56465014,0.01290933
1.56965814,0.01019318
1.57466614,0.00524918
1.57967414,0.01355022
1.58468214,0.02618488
1.58969014,0.02362133
1.59469814,0.03192236
1.59970614,0.03656118
1.60471414,0.03399762
1.60972214,0.0446791
1.61473014,0.04135258
1.61973814,0.02649007
1.62474614,0.03573718
1.62975414,0.04086429
1.63476213,0.03878903
1.63977013,0.0606708
1.64477813,0.04486221
1.64978613,0.04788354
1.65479413,0.05652028
1.65980213,0.06497391
1.66481013,0.06418043
1.66981813,0.06418043
1.67482613,0.06735435
1.67983413,0.07422101
1.68484213,0.06591998
1.68985013,0.07184057
1.69485813,0.07455672
1.69986613,0.08923613
1.70487413,0.07119969
1.70988213,0.08542131
1.71489013,0.07742546
1.71989813,0.07870723
1.72490613,0.09610279
1.72991413,0.09274575
1.73492213,0.09195227
1.73993013,0.1033052
1.74493813,0.1053804
1.74994613,0.1082492
1.75495413,0.1130406
1.75996213,0.10889
1.76497013,0.1084017
1.76997813,0.1095309
1.77498613,0.113834
1.77999413,0.1163976
1.78500213,0.1254921
1.79001013,0.1285134
1.79501813,0.1427351
1.80002613,0.1350749
1.80503413,0.1235694
1.81004213,0.1486251
1.81505013,0.1350749
1.82005813,0.1357158
1.82506613,0.1521653
1.83007413,0.143376
1.83508213,0.1478317
1.84009013,0.1543931
1.84509813,0.1677908
1.85010613,0.1507004
1.85511413,0.159978
1.86012213,0.1690725
1.86513013,0.1601306
1.87013813,0.169866
1.87514612,0.1697134
1.88015412,0.1773736
1.88516212,0.1799371
1.89017012,0.1714835
1.89517812,0.1832942
1.90018612,0.1882382
1.90519412,0.1815241
1.91020212,0.2021241
1.91521012,0.1843928
1.92021812,0.1943114
1.92522612,0.1970275
1.93023412,0.1947691
1.93524212,0.1893674
1.94025012,0.2085025
1.94525812,0.2099368
1.95026612,0.2115543
1.95527412,0.213477
1.96028212,0.2171392
1.96529012,0.2187262
1.97029812,0.2177801
1.97530612,0.2287973
1.98031412,0.2385327
1.98532212,0.2255928
1.99033012,0.239021
1.99533812,0.2225715
2.00034612,0.2327952
2.00535412,0.2417371
2.01036212,0.2421949
2.01537012,0.2414014
2.02037812,0.2431715
2.02538612,0.2524186
2.03039412,0.2447584
2.03540212,0.2393261
2.04041012,0.2551347
2.04541812,0.2575457
2.05042612,0.2409131
2.05543412,0.2583392
2.06044212,0.2650532
2.06545012,0.2615131
2.07045812,0.2699972
2.07546612,0.2635884
2.08047412,0.2747886
2.08548212,0.2647175
2.09049012,0.2722251
2.09549812,0.2771691
2.10050612,0.2720725
2.10551412,0.2781457
2.11052211,0.2846767
2.11553011,0.2869045
2.12053811,0.2870876
2.12554611,0.2779626
2.13055411,0.2856227
2.13556211,0.294412
2.14057011,0.2958464
2.14557811,0.2850124
2.15058611,0.2949004
2.15559411,0.288522
2.16060211,0.2869045
2.16561011,0.3073519
2.17061811,0.2924894
2.17562611,0.3016144
2.18063411,0.3118076
2.18564211,0.3028657
2.19065011,0.2947478
2.19565811,0.3097323
2.20066611,0.3007904
2.20567411,0.3035066
2.21068211,0.3087863
2.21569011,0.3151647
2.22069811,0.3095798
2.22570611,0.3121433
2.23071411,0.3107089
2.23572211,0.3205969
2.24073011,0.3161412
2.24573811,0.31901
2.25074611,0.3205969
2.25575411,0.3162938
2.26076211,0.3161412
2.26577011,0.3102207
2.27077811,0.3292337
2.27578611,0.3205969
2.28079411,0.328898
2.28580211,0.3252358
2.29081011,0.3220313
2.29581811,0.3217261
2.30082611,0.3230079
2.30583411,0.3293863
2.31084211,0.3279519
2.31585011,0.3162938
2.32085811,0.3210852
2.32586611,0.3265175
2.33087411,0.3231605
2.33588211,0.3142186
2.34089011,0.3196509
2.3458981,0.3215735
2.3509061,0.3319498
2.3559141,0.328898
2.3609221,0.3287454
2.3659301,0.3276162
2.3709381,0.3228248
2.3759461,0.3253883
2.3809541,0.3285928
2.3859621,0.3060701
2.3909701,0.3261818
2.3959781,0.31901
2.4009861,0.3205969
2.4059941,0.3234657
2.4110021,0.3170873
2.4160101,0.3162938
2.4210181,0.3107089
2.4260261,0.3143712
2.4310341,0.3110141
2.4360421,0.3185217
2.4410501,0.3081454
2.4460581,0.3094272
2.4510661,0.3130894
2.4560741,0.3102207
2.4610821,0.3185217
2.4660901,0.3094272
2.4710981,0.3038423
2.4761061,0.3030488
2.4811141,0.3201392
2.4861221,0.3137303
2.4911301,0.3060701
2.4961381,0.3122959
2.5011461,0.3004853
2.5061541,0.3071993
2.5111621,0.3095798
2.5161701,0.2996918
2.5211781,0.3036897
2.5261861,0.3118076
2.5311941,0.2969756
2.5362021,0.2960295
2.5412101,0.2952055
2.5462181,0.3025605
2.5512261,0.2931303
2.5562341,0.2907498
2.5612421,0.2915433
2.5662501,0.2905973
2.5712581,0.2883389
2.5762661,0.2822962
2.5812741,0.27781
2.58628209,0.2845241
2.59129009,0.2819605
2.59629809,0.2613605
2.60130609,0.2768639
2.60631409,0.2722251
2.61132209,0.2632832
2.61633009,0.2667928
2.62133809,0.2589801
2.62634609,0.2583392
2.63135409,0.2487564
2.63636209,0.2562639
2.64137009,0.2503433
2.64637809,0.2527543
2.65138609,0.2584918
2.65639409,0.2569048
2.66140209,0.2441176
2.66641009,0.250679
2.67141809,0.239021
2.67642609,0.2403027
2.68143409,0.234077
2.68644209,0.2289499
2.69145009,0.2302316
2.69645809,0.2291024
2.70146609,0.2211371
2.70647409,0.207709
2.71148209,0.2215949
2.71649009,0.2101199
2.72149809,0.2038942
2.72650609,0.2041993
2.73151409,0.2074038
2.73652209,0.2128361
2.74153009,0.2053285
2.74653809,0.2067629
2.75154609,0.1896725
2.75655409,0.1877499
2.76156209,0.1826533
2.76657009,0.1815241
2.77157809,0.1697134
2.77658609,0.1679434
2.78159409,0.1825007
2.78660209,0.1725822
2.79161009,0.159978
2.79661809,0.1609241
2.80162609,0.1567736
2.80663409,0.1620533
2.81164209,0.1575671
2.81665009,0.1505478
2.82165808,0.143376
2.82666608,0.1328166
2.83167408,0.1401715
2.83668208,0.1302835
2.84169008,0.1373028
2.84669808,0.1307413
2.85170608,0.1313822
2.85671408,0.1143223
2.86172208,0.1191137
2.86673008,0.115421
2.87173808,0.1082492
2.87674608,0.1181372
2.88175408,0.1044038
2.88676208,0.09866634
2.89177008,0.08700827
2.89677808,0.09402753
2.90178608,0.08731346
2.90679408,0.08108768
2.91180208,0.07712027
2.91681008,0.08206427
2.92181808,0.07278664
2.92682608,0.06241035
2.93183408,0.07168798
2.93684208,0.06097598
2.94185008,0.05874813
2.94685808,0.04358043
2.95186608,0.04724265
2.95687408,0.03942991
2.96188208,0.04037599
2.96689008,0.03958251
2.97189808,0.03079318
2.97690608,0.03286843
2.98191408,0.02697836
2.98692208,0.01675466
2.99193008,0.01739555
2.99693808,0.01004059
3.00194608,0.01770074
3.00695408,0.00766015
3.01196208,-0.00463881
3.01697008,-0.00128178
3.02197808,-0.00878933
3.02698608,-0.00750755
3.03199408,-0.01806696
3.03700208,-0.01886044
3.04201008,-0.01886044
3.04701808,-0.02636799
3.05202608,-0.0262154
3.05703408,-0.03308206
3.06204207,-0.03881954
3.06705007,-0.04696799
3.07205807,-0.04553362
3.07706607,-0.04904325
3.08207407,-0.04791406
3.08708207,-0.05719168
3.09209007,-0.05636769
3.09709807,-0.06881924
3.10210607,-0.06500442
3.10711407,-0.07507554
3.11212207,-0.06836146
3.11713007,-0.07473983
3.12213807,-0.09149449
3.12714607,-0.07953124
3.13215407,-0.09039582
3.13716207,-0.09756768
3.14217007,-0.09884945
3.14717807,-0.1033357
3.15218607,-0.1111484
3.15719407,-0.1138646
3.16220207,-0.1069979
3.16721007,-0.1143529
3.17221807,-0.1236
3.17722607,-0.1194494
3.18223407,-0.124546
3.18724207,-0.128544
3.19225007,-0.1462752
3.19725807,-0.1443526
3.20226607,-0.1438643
3.20727407,-0.1528062
3.21228207,-0.1481979
3.21729007,-0.1628773
3.22229807,-0.1472213
3.22730607,-0.1660817
3.23231407,-0.1654408
3.23732207,-0.1737419
3.24233007,-0.1750236
3.24733807,-0.1770989
3.25234607,-0.181402
3.25735407,-0.1917783
3.26236207,-0.1834773
3.26737007,-0.1917783
3.27237807,-0.1890622
3.27738607,-0.2040773
3.28239407,-0.2034364
3.28740207,-0.2029481
3.29241007,-0.2179632
3.29741806,-0.2026429
3.30242606,-0.2232429
3.30743406,-0.21189
3.31244206,-0.2245247
3.31745006,-0.2189093
3.32245806,-0.2251656
3.32746606,-0.2262642
3.33247406,-0.2251656
3.33748206,-0.2331309
3.34249006,-0.237434
3.34749806,-0.245735
3.35250606,-0.2443007
3.35751406,-0.2403333
3.36252206,-0.2532426
3.36753006,-0.2460707
3.37253806,-0.2482986
3.37754606,-0.2503738
3.38255406,-0.2542192
3.38756206,-0.2582171
3.39257006,-0.2620319
3.39757806,-0.2719199
3.40258606,-0.276101
3.40759406,-0.266335
3.41260206,-0.2719199
3.41761006,-0.278634
3.42261806,-0.2871181
3.42762606,-0.2815027
3.43263406,-0.2827845
3.43764206,-0.2791223
3.44265006,-0.2920621
3.44765806,-0.2850429
3.45266606,-0.2981353
3.45767406,-0.2914212
3.46268206,-0.2850429
3.46769006,-0.2952361
3.47269806,-0.2970061
3.47770606,-0.3068941
3.48271406,-0.3037202
3.48772206,-0.3102512
3.49273006,-0.3037202
3.49773806,-0.3038728
3.50274606,-0.3068941
3.50775406,-0.3115329
3.51276206,-0.3032319
3.51777006,-0.3033845
3.52277806,-0.305948
3.52778606,-0.3166295
3.53279405,-0.3203223
3.53780205,-0.3190405
3.54281005,-0.3136082
3.54781805,-0.310892
3.55282605,-0.3164769
3.55783405,-0.33549
3.56284205,-0.3206275
3.56785005,-0.319834
3.57285805,-0.3179113
3.57786605,-0.3350017
3.58287405,-0.3246254
3.58788205,-0.3426618
3.59289005,-0.3294168
3.59789805,-0.3429975
3.60290605,-0.340434
3.60791405,-0.3289285
3.61292205,-0.3391522
3.61793005,-0.3334147
3.62293805,-0.3420209
3.62794605,-0.3417158
3.63295405,-0.3409223
3.63796205,-0.3365887
3.64297005,-0.3415632
3.64797805,-0.3434553
3.65298605,-0.3356426
3.65799405,-0.3372295
3.66300205,-0.3329264
3.66801005,-0.3444319
3.67301805,-0.3492233
3.67802605,-0.340434
3.68303405,-0.3365887
3.68804205,-0.3465072
3.69305005,-0.3501694
3.69805805,-0.3512986
3.70306605,-0.3552965
3.70807405,-0.351146
3.71308205,-0.3418683
3.71809005,-0.3517563
3.72309805,-0.3332621
3.72810605,-0.3396405
3.73311405,-0.3461714
3.73812205,-0.3505051
3.74313005,-0.3413801
3.74813805,-0.3490707
3.75314605,-0.3401288
3.75815405,-0.3386639
3.76316205,-0.3461714
3.76817005,-0.3397931
3.77317804,-0.3306986
3.77818604,-0.338847
3.78319404,-0.3423567
3.78820204,-0.3413801
3.79321004,-0.3380535
3.79821804,-0.326548
3.80322604,-0.3389996
3.80823404,-0.3399457
3.81324204,-0.3334147
3.81825004,-0.3243202
3.82325804,-0.3227027
3.82826604,-0.3214209
3.83327404,-0.343791
3.83828204,-0.3342082
3.84329004,-0.32078
3.84829804,-0.3310038
3.85330604,-0.3257546
3.85831404,-0.3267007
3.86332204,-0.3274941
3.86833004,-0.321604
3.87333804,-0.3196814
3.87834604,-0.3131199
3.88335404,-0.307535
3.88836204,-0.3100986
3.89337004,-0.3043611
3.89837804,-0.3243202
3.90338604,-0.307535
3.90839404,-0.3067415
3.91340204,-0.3153783
3.91841004,-0.3097629
3.92341804,-0.3022859
3.92842604,-0.3123264
3.93343404,-0.3097629
3.93844204,-0.3054598
3.94345004,-0.3005158
3.94845804,-0.2989288
3.95346604,-0.2941374
3.95847404,-0.3051546
3.96348204,-0.3006684
3.96849004,-0.3024384
3.97349804,-0.2807092
3.97850604,-0.2848598
3.98351404,-0.281045
3.98852204,-0.2804041
3.99353004,-0.2813501
3.99853804,-0.2717673
4.00354604,-0.2679525
4.00855403,-0.2764061
4.01356203,-0.2660298
4.01857003,-0.2701804
4.02357803,-0.270333
4.02858603,-0.2598041
4.03359403,-0.2660298
4.03860203,-0.2515031
4.04361003,-0.255501
4.04861803,-0.256447
4.05362603,-0.2610858
4.05863403,-0.2583697
4.06364203,-0.2468642
4.06865003,-0.2470168
4.07365803,-0.2403333
4.07866603,-0.255501
4.08367403,-0.2471999
4.08868203,-0.240791
4.09369003,-0.2367931
4.09869803,-0.2403333
4.10370603,-0.2245247
4.10871403,-0.2329783
4.11372203,-0.2253181
4.11873003,-0.2281869
4.12373803,-0.230903
4.12874603,-0.2211676
4.13375403,-0.2173223
4.13876203,-0.21189
4.14377003,-0.2031312
4.14877803,-0.2083804
4.15378603,-0.1992859
4.15879403,-0.2043825
4.16380203,-0.198645
4.16881003,-0.197058
4.17381803,-0.1954405
4.17882603,-0.1903439
4.18383403,-0.1925718
4.18884203,-0.1769158
4.19385003,-0.178045
4.19885803,-0.189703
4.20386603,-0.1767632
4.20887403,-0.1710257
4.21388203,-0.1719718
4.21889003,-0.174688
4.22389803,-0.1732536
4.22890603,-0.1686148
4.23391403,-0.1528062
4.23892203,-0.1603137
4.24393003,-0.1491439
4.24893802,-0.1491439
4.25394602,-0.1520127
4.25895402,-0.1462752
4.26396202,-0.1453291
4.26897002,-0.1366924
4.27397802,-0.1293374
4.27898602,-0.1416364
4.28399402,-0.1341289
4.28900202,-0.1424299
4.29401002,-0.1326945
4.29901802,-0.1299783
4.30402602,-0.1215247
4.30903402,-0.1210364
4.31404202,-0.1116367
4.31905002,-0.1183203
4.32405802,-0.1069979
4.32906602,-0.1188086
4.33407402,-0.1076388
4.33908202,-0.112888
4.34409002,-0.1007721
4.34909802,-0.1012604
4.35410602,-0.09454634
4.35911402,-0.09533982
4.36412202,-0.09598071
4.36913002,-0.09439375
4.37413802,-0.08224738
4.37914602,-0.07394635
4.38415402,-0.07394635
4.38916202,-0.07315287
4.39417002,-0.08066042
4.39917802,-0.07715079
4.40418602,-0.06964324
4.40919402,-0.07296976
4.41420202,-0.06485184
4.41921002,-0.06707969
4.42421802,-0.06228828
4.42922602,-0.05926695
4.43423402,-0.06341746
4.43924202,-0.04919584
4.44425002,-0.05462813
4.44925802,-0.05191198
4.45426602,-0.0507828
4.45927402,-0.04376354
4.46428202,-0.04409925
4.46929002,-0.04361095
4.47429802,-0.04696799
4.47930602,-0.04345836
4.48431401,-0.03244118
4.48932201,-0.03433332
4.49433001,-0.03244118
4.49933801,-0.03497421
4.50434601,-0.03323466
4.50935401,-0.02267525
4.51436201,-0.02890103
4.51937001,-0.02716147
4.52437801,-0.00769066
4.52938601,-0.01837214
4.53439401,-0.0159917
4.53940201,-0.01406903
4.54441001,-0.00479141
4.54941801,-0.00912503
4.55442601,-0.00112919
4.55943401,-0.00463881
4.56444201,-0.00192267
4.56945001,0.00366222
4.57445801,-0.0003357
4.57946601,0.00732444
4.58447401,-0.00354015
4.58948201,0.01037629
4.59449001,0.00143437
4.59949801,0.0146794
4.60450601,0.00875881
4.60951401,0.00524918
4.61452201,0.0196234
4.61953001,0.02233955
4.62453801,0.02600177
4.62954601,0.02761925
4.63455401,0.01834162
4.63956201,0.0196234
4.64457001,0.0298471
4.64957801,0.02697836
4.65458601,0.02679525
4.65959401,0.02713095
4.66460201,0.02185125
4.66961001,0.03878903
4.67461801,0.04693747
4.67962601,0.03207495
4.68463401,0.04675436
4.68964201,0.03927732
4.69465001,0.05633717
4.69965801,0.04196295
4.70466601,0.03350932
4.70967401,0.04278695
4.71468201,0.04788354
4.71969001,0.05316325
4.724698,0.04452651
4.729706,0.04709006
4.734714,0.03622547
4.739722,0.04101688
4.74473,0.04867702
4.749738,0.04596087
4.754746,0.05316325
4.759754,0.04693747
4.764762,0.05124058
4.76977,0.05954161
4.774778,0.04852443
4.779786,0.06192205
4.784794,0.04803614
4.789802,0.06256294
4.79481,0.05841243
4.799818,0.05697806
4.804826,0.05618457
4.809834,0.06131168
4.814842,0.0549028
4.81985,0.06591998
4.824858,0.05587939
4.829866,0.05346843
4.834874,0.05697806
4.839882,0.06912442
4.84489,0.05923643
4.849898,0.0596942
4.854906,0.05652028
4.859914,0.06097598
4.864922,0.0598468
4.86993,0.05508591
4.874938,0.0606708
4.879946,0.06448561
4.884954,0.06753746
4.889962,0.0552385
4.89497,0.06320383
4.899978,0.05716117
4.904986,0.06161687
4.909994,0.06369213
4.915002,0.07135227
4.92001,0.05746635
4.925018,0.05954161
4.930026,0.0549028
4.935034,0.06625568
4.940042,0.06305124
4.94505,0.06704917
4.950058,0.05954161
4.955066,0.06482132
4.96007399,0.0654622
4.96508199,0.06305124
4.97008999,0.06610309
4.97509799,0.05777154
4.98010599,0.06704917
4.98511399,0.06146428
4.99012199,0.0552385
4.99512999,0.05569628
5.00013799,0.05652028
5.00514599,0.05459761
5.01015399,0.0553911
5.01516199,0.0552385
5.02016999,0.05090487
5.02517799,0.0504471
5.03018599,0.05172887
5.03519399,0.04293954
5.04020199,0.04260384
5.04520999,0.04580828
5.05021799,0.04342784
5.05522599,0.05346843
5.06023399,0.04150517
5.06524199,0.04373302
5.07024999,0.04867702
5.07525799,0.04245125
5.08026599,0.05075228
5.08527399,0.04324473
5.09028199,0.04150517
5.09528999,0.04437391
5.10029799,0.05139317
5.10530599,0.04116947
5.11031399,0.03942991
5.11532199,0.04229865
5.12032999,0.03015229
5.12533799,0.02584918
5.13034599,0.03735466
5.13535399,0.03207495
5.14036199,0.03286843
5.14536999,0.03543199
5.15037799,0.02584918
5.15538599,0.0196234
5.16039399,0.02633747
5.16540199,0.02185125
5.17040999,0.01101718
5.17541799,0.02203436
5.18042599,0.01626636
5.18543399,0.02185125
5.19044199,0.0146794
5.19544998,0.02362133
5.20045798,0.01275674
5.20546598,0.01116977
5.21047398,0.01739555
5.21548198,0.0093997
5.22048998,0.01977599
5.22549798,0.01770074
5.23050598,0.00061037
5.23551398,0.00222785
5.24052198,0.00573748
5.24552998,0.0093997
5.25053798,0.00845363
5.25554598,-0.00750755
5.26055398,0.00207526
5.26556198,-0.005768
5.27056998,0.00350963
5.27557798,-0.00241096
5.28058598,0.00189215
5.28559398,-0.00064089
5.29060198,-0.01455733
5.29560998,-0.00704978
5.30061798,-0.01406903
5.30562598,-0.01342814
5.31063398,-0.00497452
5.31564198,-0.0105594
5.32064998,-0.01358074
5.32565798,-0.0105594
5.33066598,-0.02059999
5.33567398,-0.02237007
5.34068198,-0.01501511
5.34568998,-0.02972503
5.35069798,-0.02124088
5.35570598,-0.01886044
5.36071398,-0.02972503
5.36572198,-0.02429273
5.37072998,-0.03131199
5.37573798,-0.03769036
5.38074598,-0.03289896
5.38575398,-0.03308206
5.39076198,-0.03353984
5.39576998,-0.03753777
5.40077798,-0.03308206
5.40578598,-0.04199347
5.41079398,-0.03259377
5.41580198,-0.0361034
5.42080998,-0.03738517
5.42581798,-0.03912473
5.43082598,-0.04678487
5.43583397,-0.04727317
5.44084197,-0.0405591
5.44584997,-0.0511185
5.45085797,-0.04855495
5.45586597,-0.05270547
5.46087397,-0.04425184
5.46588197,-0.04968413
5.47088997,-0.05972472
5.47589797,-0.04742576
5.48090597,-0.05093539
5.48591397,-0.05987731
5.49092197,-0.05829035
5.49592997,-0.05670339
5.50093797,-0.06756798
5.50594597,-0.05511643
5.51095397,-0.05685598
5.51596197,-0.06195258
5.52096997,-0.05813776
5.52597797,-0.06259346
5.53098597,-0.06308176
5.53599397,-0.07074191
5.54100197,-0.06277657
5.54600997,-0.0756859
5.55101797,-0.06515702
5.55602597,-0.07345805
5.56103397,-0.06707969
5.56604197,-0.07522812
5.57104997,-0.07107761
5.57605797,-0.06115909
5.58106597,-0.07522812
5.58607397,-0.07217628
5.59108197,-0.07824945
5.59608997,-0.07586902
5.60109797,-0.07153539
5.60610597,-0.0761742
5.61111397,-0.07904294
5.61612197,-0.06881924
5.62112997,-0.06308176
5.62613797,-0.07330546
5.63114597,-0.07187109
5.63615397,-0.07983642
5.64116197,-0.07361065
5.64616997,-0.0760216
5.65117797,-0.07760857
5.65618597,-0.06994842
5.66119397,-0.07443465
5.66620197,-0.08130131
5.67120996,-0.08032472
5.67621796,-0.07217628
5.68122596,-0.07489242
5.68623396,-0.07473983
5.69124196,-0.07873775
5.69624996,-0.0811182
5.70125796,-0.08383434
5.70626596,-0.07553331
5.71127396,-0.08096561
5.71628196,-0.07251198
5.72128996,-0.07873775
5.72629796,-0.07824945
5.73130596,-0.08481093
5.73631396,-0.07409894
5.74132196,-0.08432264
5.74632996,-0.07858516
5.75133796,-0.08032472
5.75634596,-0.07443465
5.76135396,-0.07983642
5.76636196,-0.07089449
5.77136996,-0.08096561
5.77637796,-0.07696768
5.78138596,-0.07824945
5.78639396,-0.08575701
5.79140196,-0.0712302
5.79640996,-0.07983642
5.80141796,-0.06515702
5.80642596,-0.06436354
5.81143396,-0.08960234
5.81644196,-0.07873775
5.82144996,-0.07107761
5.82645796,-0.07473983
5.83146596,-0.06277657
5.83647396,-0.06946012
5.84148196,-0.06930754
5.84648996,-0.05877865
5.85149796,-0.06500442
5.85650596,-0.07251198
5.86151396,-0.06387524
5.86652196,-0.05926695
5.87152996,-0.06341746
5.87653796,-0.06436354
5.88154596,-0.06787317
5.88655396,-0.05670339
5.89156196,-0.05365154
5.89656996,-0.07251198
5.90157796,-0.05829035
5.90658596,-0.04663228
5.91159395,-0.04806665
5.91660195,-0.05941954
5.92160995,-0.04119999
5.92661795,-0.05157628
5.93162595,-0.04647969
5.93663395,-0.0557268
5.94164195,-0.0461745
5.94664995,-0.0461745
5.95165795,-0.0557268
5.95666595,-0.04742576
5.96167395,-0.04742576
5.96668195,-0.04760887
5.97168995,-0.03897214
5.97669795,-0.03961302
5.98170595,-0.02667318
5.98671395,-0.03704947
5.99172195,-0.03433332
5.99672995,-0.03704947
6.00173795,-0.03625599
6.00674595,-0.03146458
6.01175395,-0.03451644
6.01676195,-0.01644948
6.02176995,-0.02459792
6.02677795,-0.0207831
6.03178595,-0.01165807
6.03679395,-0.00735496
6.04180195,-0.01040681
6.04680995,-0.02859584
6.05181795,-0.01757866
6.05682595,-0.00161748
6.06183395,-0.01150548
6.06684195,-0.00064089
6.07184995,0
6.07685795,-0.00640889
6.08186595,0.00253304
6.08687395,0.00558489
6.09188195,0.00238044
6.09688995,0.00701926
6.10189795,0.00604267
6.10690595,0.00860622
6.11191395,0.01419111
6.11692195,0.02264473
6.12192995,0.02664266
6.12693795,0.01562548
6.13194595,0.02218696
6.13695395,0.0245674
6.14196195,0.03720206
6.14696994,0.02139347
6.15197794,0.0402234
6.15698594,0.03814813
6.16199394,0.02807703
6.16700194,0.04614399
6.17200994,0.04388562
6.17701794,0.04437391
6.18202594,0.05075228
6.18703394,0.04821924
6.19204194,0.04675436
6.19704994,0.05761895
6.20205794,0.05874813
6.20706594,0.05554369
6.21207394,0.06097598
6.21708194,0.07406842
6.22208994,0.06610309
6.22709794,0.08142339
6.23210594,0.07376324
6.23711394,0.06225776
6.24212194,0.06625568
6.24712994,0.07135227
6.25213794,0.08285775
6.25714594,0.08908353
6.26215394,0.08938871
6.26716194,0.0957976
6.27216994,0.0953093
6.27717794,0.09787286
6.28218594,0.1012299
6.28719394,0.1042512
6.29220194,0.100589
6.29720994,0.1134983
6.30221794,0.1131932
6.30722594,0.1179846
6.31223394,0.1013825
6.31724194,0.1146275
6.32224994,0.1197241
6.32725794,0.1253395
6.33226594,0.1302835
6.33727394,0.1265908
6.34228194,0.1392254
6.34728994,0.1293069
6.35229794,0.1425825
6.35730594,0.1305887
6.36231394,0.1529588
6.36732194,0.1444746
6.37232994,0.1470382
6.37733794,0.1496017
6.38234593,0.1606189
6.38735393,0.1583911
6.39236193,0.1502426
6.39736993,0.1588488
6.40237793,0.1629994
6.40738593,0.1681265
6.41239393,0.1668447
6.41740193,0.175634
6.42240993,0.1730705
6.42741793,0.1834468
6.43242593,0.1900082
6.43743393,0.1791437
6.44244193,0.1745048
6.44744993,0.1900082
6.45245793,0.1797845
6.45746593,0.1786554
6.46247393,0.1931822
6.46748193,0.1991028
6.47248993,0.1981262
6.47749793,0.1943114
6.48250593,0.2072512
6.48751393,0.2002014
6.49252193,0.2174444
6.49752993,0.2099368
6.50253793,0.2117069
6.50754593,0.224311
6.51255393,0.219367
6.51756193,0.2235176
6.52256993,0.2163457
6.52757793,0.2342296
6.53258593,0.2319712
6.53759393,0.2278207
6.54260193,0.2323069
6.54760993,0.2331004
6.55261793,0.2418897
6.55762593,0.2444533
6.56263393,0.2504959
6.56764193,0.2407605
6.57264993,0.2484207
6.57765793,0.2450942
6.58266593,0.2476272
6.58767393,0.25721
6.59268193,0.2578509
6.59768993,0.2476272
6.60269793,0.2564165
6.60770593,0.258797
6.61271393,0.2720725
6.61772193,0.2631306
6.62272992,0.2683798
6.62773792,0.2746055
6.63274592,0.2607196
6.63775392,0.2666402
6.64276192,0.2763756
6.64776992,0.276223
6.65277792,0.2743004
6.65778592,0.271279
6.66279392,0.2862636
6.66780192,0.286111
6.67280992,0.2937712
6.67781792,0.2862636
6.68282592,0.2905973
6.68783392,0.2864467
6.69284192,0.2950529
6.69784992,0.2969756
6.70285792,0.2924894
6.70786592,0.294412
6.71287392,0.3016144
6.71788192,0.2972808
6.72288992,0.3039949
6.72789792,0.3055818
6.73290592,0.2928251
6.73791392,0.2988983
6.74292192,0.3079928
6.74792992,0.2999969
6.75293792,0.3024079
6.75794592,0.3052767
6.76295392,0.3167821
6.76796192,0.3169347
6.77296992,0.3105564
6.77797792,0.3108615
6.78298592,0.3230079
6.78799392,0.3129368
6.79300192,0.3135777
6.79800992,0.3078402
6.80301792,0.3263649
6.80802592,0.3158055
6.81303392,0.3210852
6.81804192,0.3250832
6.82304992,0.3107089
6.82805792,0.3162938
6.83306592,0.3147069
6.83807392,0.3274636
6.84308192,0.3177282
6.84808992,0.3293863
6.85309792,0.3145238
6.85810591,0.3186743
6.86311391,0.3191626
6.86812191,0.3298746
6.87312991,0.3285928
6.87813791,0.3145238
6.88314591,0.3321024
6.88815391,0.3230079
6.89316191,0.3284402
6.89816991,0.3250832
6.90317791,0.3108615
6.90818591,0.3182165
6.91319391,0.3332316
6.91820191,0.3309732
6.92320991,0.3169347
6.92821791,0.3328959
6.93322591,0.3145238
6.93823391,0.327311
6.94324191,0.3215735
6.94824991,0.3244423
6.95325791,0.3215735
6.95826591,0.3167821
6.96327391,0.3172399
6.96828191,0.3151647
6.97328991,0.3238014
6.97829791,0.3105564
6.98330591,0.3143712
6.98831391,0.3130894
6.99332191,0.3086337
6.99832991,0.3147069
7.00333791,0.303354
7.00834591,0.3143712
7.01335391,0.3027131
7.01836191,0.3030488
7.02336991,0.3217261
7.02837791,0.3127842
7.03338591,0.3079928
7.03839391,0.2995392
7.04340191,0.3064058
7.04840991,0.3122959
7.05341791,0.3025605
7.05842591,0.2977691
7.06343391,0.3003327
7.06844191,0.2918485
7.07344991,0.2947478
7.07845791,0.3012787
7.08346591,0.2858059
7.08847391,0.2893155
7.09348191,0.2897733
7.0984899,0.2850124
7.1034979,0.2810144
7.1085059,0.2782983
7.1135139,0.2850124
7.1185219,0.2901089
7.1235299,0.2718894
7.1285379,0.2865993
7.1335459,0.2741478
7.1385539,0.2754295
7.1435619,0.2648701
7.1485699,0.2671285
7.1535779,0.2637715
7.1585859,0.2631306
7.1635939,0.2583392
7.1686019,0.2632832
7.1736099,0.2682272
7.1786179,0.2482681
7.1836259,0.2508316
7.1886339,0.2474746
7.1936419,0.2394787
7.1986499,0.2541887
7.2036579,0.2412488
7.2086659,0.2466811
7.2136739,0.2500381
7.2186819,0.2315134
7.2236899,0.2246467
7.2286979,0.2329478
7.2337059,0.2204962
7.2387139,0.2225715
7.2437219,0.221778
7.2487299,0.220954
7.2537379,0.2171392
7.2587459,0.2026124
7.2637539,0.2072512
7.2687619,0.2128361
7.2737699,0.206122
7.2787779,0.2016358
7.2837859,0.1966918
7.2887939,0.1949522
7.2938019,0.2040468
7.2988099,0.1891842
7.3038179,0.1895199
7.3088259,0.1840876
7.3138339,0.1791437
7.3188419,0.1781671
7.3238499,0.1781671
7.3288579,0.1724296
7.33386589,0.1662038
7.33887389,0.1717887
7.34388189,0.1713004
7.34888989,0.1598254
7.35389789,0.1499069
7.35890589,0.1448103
7.36391389,0.1526231
7.36892189,0.1373028
7.37392989,0.1246986
7.37893789,0.1363567
7.38394589,0.1302835
7.38895389,0.1328166
7.39396189,0.1272317
7.39896989,0.123722
7.40397789,0.117832
7.40898589,0.1199072
7.41399389,0.1085543
7.41900189,0.10712
7.42400989,0.102176
7.42901789,0.09353923
7.43402589,0.1018403
7.43903389,0.1040986
7.44404189,0.08829005
7.44904989,0.08316294
7.45405789,0.0900296
7.45906589,0.07998902
7.46407389,0.0798059
7.46908189,0.0656148
7.47408989,0.06640828
7.47909789,0.06433302
7.48410589,0.06225776
7.48911389,0.05905332
7.49412189,0.04852443
7.49912989,0.05331584
7.50413789,0.04675436
7.50914589,0.04803614
7.51415389,0.03671377
7.51916189,0.03192236
7.52416989,0.02569658
7.52917789,0.02264473
7.53418589,0.01419111
7.53919389,0.01547288
7.54420189,0.00909452
7.54920989,0.01196326
7.55421789,-0.0004883
7.55922589,0.00524918
7.56423389,0.00476089
7.56924188,-0.00607318
7.57424988,-0.00561541
7.57925788,-0.02142399
7.58426588,-0.02938933
7.58927388,-0.02493362
7.59428188,-0.01788385
7.59928988,-0.02316355
7.60429788,-0.02890103
7.60930588,-0.03930784
7.61431388,-0.0413831
7.61932188,-0.0408948
7.62432988,-0.05908383
7.62933788,-0.0560625
7.63434588,-0.05957213
7.63935388,-0.05175939
7.64436188,-0.06787317
7.64936988,-0.07296976
7.65437788,-0.07202368
7.65938588,-0.07315287
7.66439388,-0.08017212
7.66940188,-0.08337657
7.67440988,-0.08703879
7.67941788,-0.09390546
7.68442588,-0.1058687
7.68943388,-0.09549242
7.69444188,-0.1034883
7.69944988,-0.1069979
7.70445788,-0.1109958
7.70946588,-0.1160924
7.71447388,-0.1188086
7.71948188,-0.1208838
7.72448988,-0.1234474
7.72949788,-0.1279031
7.73450588,-0.1481979
7.73951388,-0.1394086
7.74452188,-0.1467635
7.74952988,-0.1510666
7.75453788,-0.1566515
7.75954588,-0.1489914
7.76455388,-0.1655934
7.76956188,-0.1577807
7.77456988,-0.1676687
7.77957788,-0.1615955
7.78458588,-0.1580859
7.78959388,-0.1794794
7.79460188,-0.1750236
7.79960988,-0.1893979
7.80461788,-0.1868343
7.80962587,-0.1742302
7.81463387,-0.1895505
7.81964187,-0.1930601
7.82464987,-0.1978515
7.82965787,-0.2077395
7.83466587,-0.2133244
7.83967387,-0.2005676
7.84468187,-0.2021546
7.84968987,-0.2115848
7.85469787,-0.2182989
7.85970587,-0.2256233
7.86471387,-0.2139653
7.86972187,-0.2281869
7.87472987,-0.2218085
7.87973787,-0.2334666
7.88474587,-0.2359996
7.88975387,-0.2321848
7.89476187,-0.2435072
7.89976987,-0.2313913
7.90477787,-0.2352062
7.90978587,-0.2486343
7.91479387,-0.2494278
7.91980187,-0.2508622
7.92480987,-0.2609027
7.92981787,-0.2443007
7.93482587,-0.2599567
7.93983387,-0.2660298
7.94484187,-0.2704856
7.94984987,-0.2665181
7.95485787,-0.2690512
7.95986587,-0.2768945
7.96487387,-0.2778405
7.96988187,-0.2733848
7.97488987,-0.2717673
7.97989787,-0.2764061
7.98490587,-0.2930082
7.98991387,-0.2871181
7.99492187,-0.2882168
7.99992987,-0.2945952
8.00493787,-0.2931608
8.00994587,-0.2957244
8.01495387,-0.2957244
8.01996187,-0.3032319
8.02496987,-0.3120213
8.02997787,-0.3093051
8.03498587,-0.3088168
8.03999387,-0.3080233
8.04500186,-0.3142491
8.05000986,-0.3078707
8.05501786,-0.2993866
8.06002586,-0.3128147
8.06503386,-0.3260598
8.07004186,-0.3199866
8.07504986,-0.3219092
8.08005786,-0.3179113
8.08506586,-0.3252663
8.09007386,-0.3131199
8.09508186,-0.3209632
8.10008986,-0.3212683
8.10509786,-0.3227027
8.11010586,-0.3274941
8.11511386,-0.3244728
8.12012186,-0.333079
8.12512986,-0.3236793
8.13013786,-0.3337199
8.13514586,-0.3259072
8.14015386,-0.3303629
8.14516186,-0.340434
8.15016986,-0.3362834
8.15517786,-0.3356426
8.16018586,-0.3303629
8.16519386,-0.3311869
8.17020186,-0.3343608
8.17520986,-0.3431501
8.18021786,-0.3397931
8.18522586,-0.3337199
8.19023386,-0.3369243
8.19524186,-0.3465072
8.20024986,-0.3452254
8.20525786,-0.3343608
8.21026586,-0.329722
8.21527386,-0.3367718
8.22028186,-0.3326212
8.22528986,-0.3356426
8.23029786,-0.3423567
8.23530586,-0.3498642
8.24031386,-0.3396405
8.24532186,-0.3396405
8.25032986,-0.3463546
8.25533786,-0.3450728
8.26034586,-0.3452254
8.26535386,-0.3541673
8.27036186,-0.3412274
8.27536986,-0.343791
8.28037786,-0.3385113
8.28538585,-0.3556017
8.29039385,-0.3407392
8.29540185,-0.3313394
8.30040985,-0.3372295
8.30541785,-0.3479415
8.31042585,-0.3401288
8.31543385,-0.3393048
8.32044185,-0.3468123
8.32544985,-0.3350017
8.33045785,-0.3407392
8.33546585,-0.33549
8.34047385,-0.3370769
8.34548185,-0.3391522
8.35048985,-0.3284707
8.35549785,-0.3370769
8.36050585,-0.3306986
8.36551385,-0.329722
8.37052185,-0.3279824
8.37552985,-0.324778
8.38053785,-0.3287759
8.38554585,-0.3300577
8.39055385,-0.3321329
8.39556185,-0.3342082
8.40056985,-0.3159887
8.40557785,-0.3286233
8.41058585,-0.3222449
8.41559385,-0.3279824
8.42060185,-0.3255714
8.42560985,-0.326548
8.43061785,-0.3206275
8.43562585,-0.3137608
8.44063385,-0.3051546
8.44564185,-0.3123264
8.45064985,-0.3131199
8.45565785,-0.3093051
8.46066585,-0.3100986
8.46567385,-0.3013093
8.47068185,-0.3073824
8.47568985,-0.3067415
8.48069785,-0.3093051
8.48570585,-0.3107395
8.49071385,-0.3048189
8.49572185,-0.29429
8.50072985,-0.2971587
8.50573785,-0.3070772
8.51074585,-0.2874233
8.51575385,-0.295877
8.52076184,-0.2855006
8.52576984,-0.2779931
8.53077784,-0.2856532
8.53578584,-0.2827845
8.54079384,-0.2805566
8.54580184,-0.2688986
8.55080984,-0.2685934
8.55581784,-0.2684103
8.56082584,-0.2684103
8.56583384,-0.2807092
8.57084184,-0.2696921
8.57584984,-0.2605976
8.58085784,-0.263802
8.58586584,-0.2693869
8.59087384,-0.277047
8.59588184,-0.2575762
8.60088984,-0.249733
8.60589784,-0.2522965
8.61090584,-0.235847
8.61591384,-0.2379223
8.62092184,-0.2452773
8.62592984,-0.2500687
8.63093784,-0.2415845
8.63594584,-0.2376171
8.64095384,-0.229133
8.64596184,-0.2415845
8.65096984,-0.2270577
8.65597784,-0.2321848
8.66098584,-0.2281869
8.66599384,-0.2235481
8.67100184,-0.2200385
8.67600984,-0.2218085
8.68101784,-0.2087161
8.68602584,-0.2157353
8.69103384,-0.208533
8.69604184,-0.2099673
8.70104984,-0.2045656
8.70605784,-0.1983398
8.71106584,-0.2016663
8.71607384,-0.2018494
8.72108184,-0.1791742
8.72608984,-0.1922666
8.73109784,-0.1962645
8.73610584,-0.1976989
8.74111384,-0.1738945
8.74612184,-0.1815546
8.75112984,-0.1740471
8.75613784,-0.1794794
8.76114583,-0.1667226
8.76615383,-0.1737419
8.77116183,-0.165746
8.77616983,-0.1644643
8.78117783,-0.1678213
8.78618583,-0.160802
8.79119383,-0.1521958
8.79620183,-0.1534471
8.80120983,-0.1515549
8.80621783,-0.1557054
8.81122583,-0.1363872
8.81623383,-0.1462752
8.82124183,-0.1480453
8.82624983,-0.1341289
8.83125783,-0.1274453
8.83626583,-0.1347697
8.84127383,-0.1229591
8.84628183,-0.1283914
8.85128983,-0.1208838
8.85629783,-0.112888
8.86130583,-0.1172216
8.86631383,-0.1102023
8.87132183,-0.1152989
8.87632983,-0.1085849
8.88133783,-0.109714
8.88634583,-0.1124302
8.89135383,-0.09167761
8.89636183,-0.09518723
8.90136983,-0.0971099
8.90637783,-0.1026948
8.91138583,-0.0971099
8.91639383,-0.0766625
8.92140183,-0.08319346
8.92640983,-0.08590961
8.93141783,-0.08417005
8.93642583,-0.06930754
8.94143383,-0.08337657
8.94644183,-0.07730339
8.95144983,-0.07058931
8.95645783,-0.06466872
8.96146583,-0.07730339
8.96647383,-0.06485184
8.97148183,-0.05621509
8.97648983,-0.04455702
8.98149783,-0.0659505
8.98650583,-0.06259346
8.99151383,-0.05526902
8.99652182,-0.04983672
9.00152982,-0.04455702
9.00653782,-0.03769036
9.01154582,-0.03274636
9.01655382,-0.03769036
9.02156182,-0.03497421
9.02656982,-0.03546251
9.03157782,-0.03689688
9.03658582,-0.02780236
9.04159382,-0.02636799
9.04660182,-0.02603229
9.05160982,-0.01965392
9.05661782,-0.01580859
9.06162582,-0.02395703
9.06663382,-0.00848415
9.07164182,-0.010712
9.07664982,-0.01788385
9.08165782,-0.01455733
9.08666582,-0.00863674
9.09167382,-0.00671407
9.09668182,-0.01519822
9.10168982,-0.00177007
9.10669782,-0.00625629
9.11170582,-0.00592059
9.11671382,-0.00369274
9.12172182,0.00143437
9.12672982,0.00653096
9.13173782,0.01068148
9.13674582,0.00061037
9.14175382,0.01355022
9.14676182,0.00747704
9.15176982,0.01898251
9.15677782,0.01690725
9.16178582,0.014832
9.16679382,0.01147496
9.17180182,0.01992859
9.17680982,0.0201117
9.18181782,0.02618488
9.18682582,0.01754814
9.19183382,0.01882992
9.19684182,0.03207495
9.20184982,0.02777184
9.20685782,0.02743614
9.21186582,0.03271584
9.21687382,0.0343028
9.22188182,0.03271584
9.22688982,0.03863643
9.23189781,0.03686636
9.23690581,0.03863643
9.24191381,0.0402234
9.24692181,0.03607288
9.25192981,0.04196295
9.25693781,0.03830073
9.26194581,0.04406873
9.26695381,0.0553911
9.27196181,0.04931791
9.27696981,0.03814813
9.28197781,0.04565569
9.28698581,0.04709006
9.29199381,0.04565569
9.29700181,0.05954161
9.30200981,0.04788354
9.30701781,0.05267495
9.31202581,0.04901273
9.31703381,0.0504471
9.32204181,0.05252235
9.32704981,0.05059969
9.33205781,0.05697806
9.33706581,0.06448561
9.34207381,0.05890072
9.34708181,0.0598468
9.35208981,0.05380413
9.35709781,0.0654622
9.36210581,0.06704917
9.36711381,0.05682547
9.37212181,0.05905332
9.37712981,0.05777154
9.38213781,0.0499588
9.38714581,0.05426191
9.39215381,0.05603198
9.39716181,0.05618457
9.40216981,0.05426191
9.40717781,0.05618457
9.41218581,0.06897183
9.41719381,0.05697806
9.42220181,0.06176946
9.42720981,0.07184057
9.43221781,0.06799524
9.43722581,0.06591998
9.44223381,0.07119969
9.44724181,0.06418043
9.45224981,0.05874813
9.45725781,0.0601825
9.46226581,0.06210517
9.46727381,0.0596942
9.4722818,0.06656087
9.4772898,0.05316325
9.4822978,0.05795465
9.4873058,0.06241035
9.4923138,0.05618457
9.4973218,0.05859554
9.5023298,0.05777154
9.5073378,0.05716117
9.5123458,0.06161687
9.5173538,0.05716117
9.5223618,0.05075228
9.5273698,0.05682547
9.5323778,0.05890072
9.5373858,0.04739524
9.5423938,0.05731376
9.5474018,0.05154576
9.5524098,0.04980621
9.5574178,0.05075228
9.5624258,0.05587939
9.5674338,0.05426191
9.5724418,0.05059969
9.5774498,0.05954161
9.5824578,0.04245125
9.5874658,0.0606708
9.5924738,0.05633717
9.5974818,0.0402234
9.6024898,0.04773095
9.6074978,0.04037599
9.6125058,0.04214606
9.6175138,0.04293954
9.6225218,0.04629658
9.6275298,0.03799554
9.6325378,0.04278695
9.6375458,0.03927732
9.6425538,0.03671377
9.6475618,0.03158666
9.6525698,0.03350932
9.6575778,0.03909421
9.6625858,0.03863643
9.6675938,0.03543199
9.6726018,0.03384503
9.6776098,0.04260384
9.6826178,0.02649007
9.6876258,0.03094577
9.6926338,0.03256325
9.6976418,0.02679525
9.7026498,0.02139347
9.70765779,0.0201117
9.71266579,0.02377392
9.71767379,0.02090518
9.72268179,0.0250557
9.72768979,0.03128147
9.73269779,0.01626636
9.73770579,0.01754814
9.74271379,0.02185125
9.74772179,0.01370281
9.75272979,0.01355022
9.75773779,0.01403851
9.76274579,0.02056948
9.76775379,0.01626636
9.77276179,0.00875881
9.77776979,0.00158696
9.78277779,0.00924711
9.78778579,0.00286874
9.79279379,-0.000824
9.79780179,0.00125126
9.80280979,-0.0004883
9.80781779,0.00747704
9.81282579,0.00604267
9.81783379,-0.00256356
9.82284179,-0.01501511
9.82784979,0.00079348
9.83285779,-0.00863674
9.83786579,-0.01165807
9.84287379,-0.00607318
9.84788179,-0.01135289
9.85288979,-0.00561541
9.85789779,-0.00833155
9.86290579,-0.01663259
9.86791379,-0.01040681
9.87292179,-0.02508621
9.87792979,-0.01150548
9.88293779,-0.02829066
9.88794579,-0.03051851
9.89295379,-0.02523881
9.89796179,-0.02908414
9.90296979,-0.02221747
9.90797779,-0.02923673
9.91298579,-0.02124088
9.91799379,-0.02475051
9.92300179,-0.03289896
9.92800979,-0.02380444
9.93301779,-0.03387555
9.93802579,-0.02764977
9.94303379,-0.02508621
9.94804178,-0.0361034
9.95304978,-0.0463271
9.95805778,-0.03930784
9.96306578,-0.04519791
9.96807378,-0.03225806
9.97308178,-0.0458388
9.97808978,-0.04010132
9.98309778,-0.03866695
9.98810578,-0.0461745
9.99311378,-0.05413984
9.99812178,-0.04440443
10.00312978,-0.0405591
10.00813778,-0.04104739
10.01314578,-0.05365154
