Frequency,Channel A
(MHz),(dBu)

0.00000000,-24.12329000
0.00152588,-29.14128000
0.00305176,-34.87632000
0.00457764,-14.45111000
0.00610352,0.82237850
0.00762939,8.03344000
0.00915527,9.66478100
0.01068115,6.11617900
0.01220703,-3.55262600
0.01373291,-23.42127000
0.01525879,-48.74553000
0.01678467,-48.41999000
0.01831055,-54.48959000
0.01983643,-48.76866000
0.02136230,-60.49574000
0.02288818,-56.95200000
0.02441406,-51.82801000
0.02593994,-49.98745000
0.02746582,-49.92263000
0.02899170,-51.47896000
0.03051758,-55.58846000
0.03204346,-53.15130000
0.03356934,-55.81944000
0.03509521,-52.55049000
0.03662109,-52.49936000
0.03814697,-48.95796000
0.03967285,-52.82643000
0.04119873,-60.77837000
0.04272461,-57.21164000
0.04425049,-48.70898000
0.04577637,-51.05296000
0.04730225,-54.52333000
0.04882813,-51.03356000
0.05035400,-62.37440000
0.05187988,-43.99567000
0.05340576,-40.29079000
0.05493164,-28.11768000
0.05645752,-18.28375000
0.05798340,-13.38702000
0.05950928,-12.77316000
0.06103516,-16.35189000
0.06256104,-24.34802000
0.06408691,-37.29385000
0.06561279,-45.39716000
0.06713867,-52.46062000
0.06866455,-56.49600000
0.07019043,-61.23696000
0.07171631,-52.40702000
0.07324219,-53.30351000
0.07476807,-53.25703000
0.07629395,-53.03118000
0.07781982,-54.41755000
0.07934570,-52.20802000
0.08087158,-52.01728000
0.08239746,-56.08443000
0.08392334,-69.25913000
0.08544922,-56.39009000
0.08697510,-52.68319000
0.08850098,-54.77299000
0.09002686,-57.01500000
0.09155273,-58.86058000
0.09307861,-66.90710000
0.09460449,-64.07048000
0.09613037,-56.77196000
0.09765625,-56.01990000
0.09918213,-56.16280000
0.10070801,-56.54618000
0.10223389,-59.54854000
0.10375977,-57.39214000
0.10528564,-55.22552000
0.10681152,-56.55478000
0.10833740,-59.62080000
0.10986328,-60.15903000
0.11138916,-62.13991000
0.11291504,-73.28522000
0.11444092,-70.20343000
0.11596680,-61.37822000
0.11749268,-55.89498000
0.11901855,-54.46623000
0.12054443,-58.60331000
0.12207031,-74.79306000
0.12359619,-61.95216000
0.12512207,-58.88485000
0.12664795,-58.68706000
0.12817383,-58.88997000
0.12969971,-58.82286000
0.13122559,-55.29846000
0.13275146,-51.03659000
0.13427734,-50.54750000
0.13580322,-54.42771000
0.13732910,-64.99004000
0.13885498,-64.74159000
0.14038086,-59.27412000
0.14190674,-59.99366000
0.14343262,-66.06796000
0.14495850,-63.32168000
0.14648438,-61.65023000
0.14801025,-65.84374000
0.14953613,-72.71182000
0.15106201,-64.09496000
0.15258789,-58.83995000
0.15411377,-57.72309000
0.15563965,-59.99630000
0.15716553,-70.65750000
0.15869141,-63.95760000
0.16021729,-57.47799000
0.16174316,-55.99694000
0.16326904,-54.84329000
0.16479492,-52.52149000
0.16632080,-50.99570000
0.16784668,-51.21931000
0.16937256,-53.00237000
0.17089844,-54.92752000
0.17242432,-55.61584000
0.17395020,-56.07540000
0.17547607,-55.88673000
0.17700195,-56.31513000
0.17852783,-61.20526000
0.18005371,-64.20215000
0.18157959,-70.95849000
0.18310547,-71.84401000
0.18463135,-64.60188000
0.18615723,-60.39729000
0.18768311,-59.57034000
0.18920898,-62.68648000
0.19073486,-57.86992000
0.19226074,-57.67278000
0.19378662,-64.19917000
0.19531250,-63.51005000
0.19683838,-60.36292000
0.19836426,-61.29997000
0.19989014,-64.24989000
0.20141602,-60.38718000
0.20294189,-58.18100000
0.20446777,-59.63979000
0.20599365,-58.43668000
0.20751953,-57.62697000
0.20904541,-56.74240000
0.21057129,-53.10209000
0.21209717,-51.76628000
0.21362305,-55.00736000
0.21514893,-67.00797000
0.21667480,-55.01643000
0.21820068,-53.62774000
0.21972656,-57.64866000
0.22125244,-65.30450000
0.22277832,-74.42829000
0.22430420,-62.15448000
0.22583008,-57.46813000
0.22735596,-57.41862000
0.22888184,-57.76134000
0.23040771,-56.19091000
0.23193359,-57.13021000
0.23345947,-56.92552000
0.23498535,-54.70650000
0.23651123,-55.37011000
0.23803711,-61.32775000
0.23956299,-66.34437000
0.24108887,-61.50171000
0.24261475,-62.73058000
0.24414063,-63.82147000
0.24566650,-60.93464000
0.24719238,-58.69746000
0.24871826,-58.04809000
0.25024414,-55.48951000
0.25177002,-54.09442000
0.25329590,-55.87084000
0.25482178,-58.61030000
0.25634766,-58.41442000
0.25787354,-59.57730000
0.25939941,-78.98378000
0.26092529,-60.07272000
0.26245117,-57.61994000
0.26397705,-60.43156000
0.26550293,-65.37158000
0.26702881,-65.90354000
0.26855469,-60.70229000
0.27008057,-60.22105000
0.27160645,-61.02909000
0.27313232,-56.11218000
0.27465820,-56.23976000
0.27618408,-61.99797000
0.27770996,-61.81002000
0.27923584,-57.76933000
0.28076172,-65.38492000
0.28228760,-60.46440000
0.28381348,-55.84948000
0.28533936,-58.89416000
0.28686523,-62.27037000
0.28839111,-57.48328000
0.28991699,-54.09426000
0.29144287,-53.34402000
0.29296875,-55.94659000
0.29449463,-62.10834000
0.29602051,-63.91659000
0.29754639,-69.27861000
0.29907227,-62.80234000
0.30059814,-61.09743000
0.30212402,-59.80439000
0.30364990,-61.61888000
0.30517578,-60.71186000
0.30670166,-57.53678000
0.30822754,-58.60430000
0.30975342,-62.83533000
0.31127930,-63.00088000
0.31280518,-64.77327000
0.31433105,-74.22836000
0.31585693,-69.85573000
0.31738281,-62.23205000
0.31890869,-56.97457000
0.32043457,-53.95428000
0.32196045,-53.10023000
0.32348633,-54.81838000
0.32501221,-58.42833000
0.32653809,-62.23000000
0.32806396,-62.96280000
0.32958984,-58.79660000
0.33111572,-59.46965000
0.33264160,-63.40700000
0.33416748,-61.73808000
0.33569336,-62.50407000
0.33721924,-63.79889000
0.33874512,-66.68302000
0.34027100,-71.37292000
0.34179688,-71.61394000
0.34332275,-65.86508000
0.34484863,-65.53338000
0.34637451,-67.24522000
0.34790039,-69.95447000
0.34942627,-70.05216000
0.35095215,-63.53340000
0.35247803,-60.88142000
0.35400391,-60.95697000
0.35552979,-63.88873000
0.35705566,-71.17896000
0.35858154,-66.86864000
0.36010742,-63.61747000
0.36163330,-65.29230000
0.36315918,-70.26050000
0.36468506,-69.80412000
0.36621094,-63.87064000
0.36773682,-59.61506000
0.36926270,-56.92553000
0.37078857,-55.95488000
0.37231445,-57.85414000
0.37384033,-62.66522000
0.37536621,-71.93951000
0.37689209,-66.95672000
0.37841797,-65.22020000
0.37994385,-62.83161000
0.38146973,-58.87099000
0.38299561,-59.59589000
0.38452148,-60.39425000
0.38604736,-57.37303000
0.38757324,-56.65895000
0.38909912,-61.05929000
0.39062500,-67.08516000
0.39215088,-57.56460000
0.39367676,-52.80610000
0.39520264,-52.39437000
0.39672852,-54.87387000
0.39825439,-59.72732000
0.39978027,-61.41621000
0.40130615,-59.35160000
0.40283203,-59.59755000
0.40435791,-60.37196000
0.40588379,-61.48754000
0.40740967,-64.20988000
0.40893555,-64.58600000
0.41046143,-59.06971000
0.41198730,-58.69965000
0.41351318,-65.25843000
0.41503906,-70.52705000
0.41656494,-69.40793000
0.41809082,-70.40694000
0.41961670,-62.40343000
0.42114258,-57.02244000
0.42266846,-53.83632000
0.42419434,-55.63463000
0.42572021,-62.55333000
0.42724609,-57.78078000
0.42877197,-55.81810000
0.43029785,-57.57294000
0.43182373,-62.22029000
0.43334961,-69.45872000
0.43487549,-68.90623000
0.43640137,-65.64468000
0.43792725,-64.62416000
0.43945313,-71.63928000
0.44097900,-61.98498000
0.44250488,-55.55095000
0.44403076,-54.75132000
0.44555664,-59.26930000
0.44708252,-65.40096000
0.44860840,-61.19842000
0.45013428,-63.28073000
0.45166016,-58.81940000
0.45318604,-57.57873000
0.45471191,-60.51182000
0.45623779,-65.41340000
0.45776367,-63.75847000
0.45928955,-60.07293000
0.46081543,-61.93624000
0.46234131,-71.23914000
0.46386719,-67.97063000
0.46539307,-68.80212000
0.46691895,-62.46288000
0.46844482,-60.14675000
0.46997070,-62.98294000
0.47149658,-62.45834000
0.47302246,-57.96563000
0.47454834,-55.19555000
0.47607422,-55.75770000
0.47760010,-59.04298000
0.47912598,-61.05062000
0.48065186,-61.39110000
0.48217773,-64.94884000
0.48370361,-63.08693000
0.48522949,-62.36714000
0.48675537,-62.43355000
0.48828125,-57.44076000
0.48980713,-57.18212000
0.49133301,-60.83519000
0.49285889,-67.86719000
0.49438477,-73.67699000
0.49591064,-65.25124000
0.49743652,-65.35264000
0.49896240,-73.65872000
0.50048828,-80.44810000
0.50201416,-70.26290000
0.50354004,-68.98910000
0.50506592,-64.96250000
0.50659180,-60.83149000
0.50811768,-58.76995000
0.50964355,-56.56035000
0.51116943,-55.64070000
0.51269531,-56.28963000
0.51422119,-59.55962000
0.51574707,-68.93307000
0.51727295,-67.69228000
0.51879883,-61.57897000
0.52032471,-60.56403000
0.52185059,-66.17710000
0.52337646,-64.52200000
0.52490234,-58.85017000
0.52642822,-59.36548000
0.52795410,-66.81277000
0.52947998,-67.53848000
0.53100586,-61.16674000
0.53253174,-59.94767000
0.53405762,-59.79934000
0.53558350,-61.88629000
0.53710938,-68.91057000
0.53863525,-77.70172000
0.54016113,-63.33426000
0.54168701,-58.15856000
0.54321289,-58.84503000
0.54473877,-61.60458000
0.54626465,-63.87503000
0.54779053,-71.05366000
0.54931641,-72.79285000
0.55084229,-64.98582000
0.55236816,-58.76426000
0.55389404,-58.48833000
0.55541992,-63.82576000
0.55694580,-62.60412000
0.55847168,-57.00765000
0.55999756,-57.18697000
0.56152344,-60.43600000
0.56304932,-65.22099000
0.56457520,-67.86982000
0.56610107,-65.88329000
0.56762695,-74.49569000
0.56915283,-61.28524000
0.57067871,-56.15867000
0.57220459,-56.45380000
0.57373047,-58.77777000
0.57525635,-59.59755000
0.57678223,-59.17747000
0.57830811,-58.57980000
0.57983398,-56.89334000
0.58135986,-55.75555000
0.58288574,-56.68286000
0.58441162,-62.98169000
0.58593750,-68.63203000
0.58746338,-59.93568000
0.58898926,-58.47630000
0.59051514,-58.03257000
0.59204102,-57.76913000
0.59356689,-57.03526000
0.59509277,-56.56378000
0.59661865,-57.71696000
0.59814453,-59.39785000
0.59967041,-60.55435000
0.60119629,-64.62608000
0.60272217,-69.23041000
0.60424805,-59.17937000
0.60577393,-57.77386000
0.60729980,-56.08882000
0.60882568,-54.61650000
0.61035156,-57.50113000
0.61187744,-62.23566000
0.61340332,-62.23228000
0.61492920,-68.31918000
0.61645508,-73.28086000
0.61798096,-68.12661000
0.61950684,-75.63684000
0.62103271,-68.25417000
0.62255859,-62.57150000
0.62408447,-62.44020000
0.62561035,-65.48798000
0.62713623,-63.41096000
0.62866211,-63.88570000
0.63018799,-61.42590000
0.63171387,-61.37794000
0.63323975,-65.31239000
0.63476563,-73.57146000
0.63629150,-68.96687000
0.63781738,-61.76114000
0.63934326,-61.37683000
0.64086914,-63.26256000
0.64239502,-59.33270000
0.64392090,-55.73195000
0.64544678,-54.38770000
0.64697266,-55.18190000
0.64849854,-57.37093000
0.65002441,-60.19183000
0.65155029,-64.42778000
0.65307617,-61.33211000
0.65460205,-59.48458000
0.65612793,-62.80880000
0.65765381,-72.18491000
0.65917969,-67.32674000
0.66070557,-69.30724000
0.66223145,-64.84389000
0.66375732,-64.22192000
0.66528320,-76.38039000
0.66680908,-60.08898000
0.66833496,-58.99204000
0.66986084,-63.68010000
0.67138672,-77.06367000
0.67291260,-71.85573000
0.67443848,-89.05976000
0.67596436,-64.98852000
0.67749023,-60.13792000
0.67901611,-61.92599000
0.68054199,-75.37137000
0.68206787,-62.88398000
0.68359375,-61.26652000
0.68511963,-62.08294000
0.68664551,-60.95185000
0.68817139,-61.29295000
0.68969727,-64.93966000
0.69122314,-64.72742000
0.69274902,-59.52247000
0.69427490,-58.94996000
0.69580078,-62.47443000
0.69732666,-64.21151000
0.69885254,-66.65380000
0.70037842,-63.98351000
0.70190430,-67.20508000
0.70343018,-60.20477000
0.70495605,-60.24903000
0.70648193,-67.39209000
0.70800781,-66.16411000
0.70953369,-60.98369000
0.71105957,-60.63808000
0.71258545,-59.24772000
0.71411133,-58.88466000
0.71563721,-62.02469000
0.71716309,-66.71395000
0.71868896,-70.65019000
0.72021484,-71.84887000
0.72174072,-65.00068000
0.72326660,-58.56550000
0.72479248,-54.77738000
0.72631836,-54.60725000
0.72784424,-57.68738000
0.72937012,-64.26334000
0.73089600,-59.39557000
0.73242188,-55.12163000
0.73394775,-56.27830000
0.73547363,-65.64935000
0.73699951,-69.89470000
0.73852539,-69.00781000
0.74005127,-70.04788000
0.74157715,-67.04137000
0.74310303,-58.60423000
0.74462891,-54.95370000
0.74615479,-53.87627000
0.74768066,-54.75926000
0.74920654,-57.68177000
0.75073242,-59.49899000
0.75225830,-61.22685000
0.75378418,-65.34156000
0.75531006,-76.25724000
0.75683594,-61.24255000
0.75836182,-57.72115000
0.75988770,-59.65152000
0.76141357,-70.02687000
0.76293945,-65.63460000
0.76446533,-59.51813000
0.76599121,-61.33006000
0.76751709,-73.87594000
0.76904297,-58.15057000
0.77056885,-55.20675000
0.77209473,-56.30817000
0.77362061,-59.72371000
0.77514648,-63.29565000
0.77667236,-66.04523000
0.77819824,-64.27978000
0.77972412,-63.10438000
0.78125000,-70.08715000
0.78277588,-72.49156000
0.78430176,-63.82001000
0.78582764,-58.75248000
0.78735352,-56.13970000
0.78887939,-54.55352000
0.79040527,-55.89542000
0.79193115,-59.28056000
0.79345703,-64.84803000
0.79498291,-65.62369000
0.79650879,-64.87366000
0.79803467,-62.43742000
0.79956055,-60.19077000
0.80108643,-61.03065000
0.80261230,-65.30565000
0.80413818,-67.78127000
0.80566406,-67.67878000
0.80718994,-59.07805000
0.80871582,-57.74586000
0.81024170,-58.95389000
0.81176758,-63.78955000
0.81329346,-62.80921000
0.81481934,-58.40186000
0.81634521,-63.57196000
0.81787109,-67.98062000
0.81939697,-61.65882000
0.82092285,-62.28341000
0.82244873,-64.28847000
0.82397461,-65.98725000
0.82550049,-64.47101000
0.82702637,-60.84735000
0.82855225,-60.00163000
0.83007813,-62.99057000
0.83160400,-74.35957000
0.83312988,-69.39323000
0.83465576,-62.44337000
0.83618164,-62.30676000
0.83770752,-64.00904000
0.83923340,-64.62846000
0.84075928,-71.62833000
0.84228516,-67.88993000
0.84381104,-59.75190000
0.84533691,-59.78562000
0.84686279,-64.29990000
0.84838867,-63.02755000
0.84991455,-61.16177000
0.85144043,-61.29314000
0.85296631,-62.00257000
0.85449219,-62.74223000
0.85601807,-61.46571000
0.85754395,-59.36692000
0.85906982,-62.36759000
0.86059570,-76.24980000
0.86212158,-58.74866000
0.86364746,-54.86985000
0.86517334,-54.42396000
0.86669922,-55.82800000
0.86822510,-58.19606000
0.86975098,-60.46250000
0.87127686,-60.03826000
0.87280273,-57.50374000
0.87432861,-55.79590000
0.87585449,-55.97470000
0.87738037,-56.80650000
0.87890625,-57.01427000
0.88043213,-59.17426000
0.88195801,-63.94588000
0.88348389,-61.27259000
0.88500977,-60.51485000
0.88653564,-62.79509000
0.88806152,-59.27977000
0.88958740,-56.66077000
0.89111328,-56.58923000
0.89263916,-55.70998000
0.89416504,-56.17884000
0.89569092,-58.19566000
0.89721680,-55.40594000
0.89874268,-52.73813000
0.90026855,-52.36596000
0.90179443,-54.81766000
0.90332031,-59.06675000
0.90484619,-63.24365000
0.90637207,-72.67889000
0.90789795,-71.78548000
0.90942383,-67.11711000
0.91094971,-69.21622000
0.91247559,-75.04106000
0.91400146,-67.15005000
0.91552734,-67.44682000
0.91705322,-85.49324000
0.91857910,-64.79207000
0.92010498,-59.70757000
0.92163086,-58.71791000
0.92315674,-64.39398000
0.92468262,-59.44287000
0.92620850,-57.70116000
0.92773438,-62.73878000
0.92926025,-58.74083000
0.93078613,-58.69311000
0.93231201,-62.30648000
0.93383789,-64.66109000
0.93536377,-62.87806000
0.93688965,-60.41637000
0.93841553,-61.82854000
0.93994141,-57.25943000
0.94146729,-54.67852000
0.94299316,-58.47860000
0.94451904,-73.20738000
0.94604492,-63.55028000
0.94757080,-63.04678000
0.94909668,-65.82886000
0.95062256,-58.50317000
0.95214844,-56.77687000
0.95367432,-59.37377000
0.95520020,-62.62153000
0.95672607,-62.46382000
0.95825195,-62.04778000
0.95977783,-64.46529000
0.96130371,-71.21735000
0.96282959,-65.29792000
0.96435547,-59.17344000
0.96588135,-56.71690000
0.96740723,-56.28247000
0.96893311,-56.57468000
0.97045898,-57.35777000
0.97198486,-59.86145000
0.97351074,-65.06921000
0.97503662,-61.35976000
0.97656250,-57.37708000
0.97808838,-58.05826000
0.97961426,-62.99807000
0.98114014,-61.04034000
0.98266602,-56.38486000
0.98419189,-59.17160000
0.98571777,-70.37068000
0.98724365,-57.25628000
0.98876953,-56.79760000
0.99029541,-57.26397000
0.99182129,-58.89513000
0.99334717,-65.19617000
0.99487305,-70.32668000
0.99639893,-65.99839000
0.99792480,-63.36607000
0.99945068,-60.00360000
1.00097656,-56.73449000
1.00250244,-57.57265000
1.00402832,-63.59819000
1.00555420,-65.34362000
1.00708008,-65.43078000
1.00860596,-67.22744000
1.01013184,-58.19353000
1.01165771,-55.79929000
1.01318359,-58.52890000
1.01470947,-67.17065000
1.01623535,-69.22711000
1.01776123,-63.21836000
1.01928711,-62.31709000
1.02081299,-64.91578000
1.02233887,-64.61758000
1.02386475,-63.20650000
1.02539063,-65.01614000
1.02691650,-61.89040000
1.02844238,-57.64405000
1.02996826,-57.92312000
1.03149414,-64.27201000
1.03302002,-72.28345000
1.03454590,-75.42026000
1.03607178,-60.84817000
1.03759766,-57.23580000
1.03912354,-60.41165000
1.04064941,-62.82742000
1.04217529,-59.67006000
1.04370117,-60.72769000
1.04522705,-64.72485000
1.04675293,-73.15594000
1.04827881,-66.90717000
1.04980469,-61.18067000
1.05133057,-60.69062000
1.05285645,-62.67691000
1.05438232,-74.26337000
1.05590820,-61.60946000
1.05743408,-58.46904000
1.05895996,-58.73415000
1.06048584,-60.60632000
1.06201172,-64.83212000
1.06353760,-73.04419000
1.06506348,-71.08031000
1.06658936,-67.44384000
1.06811523,-63.31241000
1.06964111,-60.18602000
1.07116699,-58.52522000
1.07269287,-57.92647000
1.07421875,-59.14066000
1.07574463,-64.33871000
1.07727051,-61.36615000
1.07879639,-57.99697000
1.08032227,-58.03792000
1.08184814,-61.53257000
1.08337402,-69.24597000
1.08489990,-58.04653000
1.08642578,-56.14313000
1.08795166,-59.29423000
1.08947754,-64.28150000
1.09100342,-65.58203000
1.09252930,-71.44421000
1.09405518,-63.61060000
1.09558105,-57.45670000
1.09710693,-56.80849000
1.09863281,-63.31713000
1.10015869,-65.29523000
1.10168457,-60.10837000
1.10321045,-59.96650000
1.10473633,-61.00351000
1.10626221,-65.15683000
1.10778809,-64.42833000
1.10931396,-58.31367000
1.11083984,-58.15590000
1.11236572,-62.73034000
1.11389160,-69.19458000
1.11541748,-69.36421000
1.11694336,-60.93327000
1.11846924,-59.10147000
1.11999512,-67.92686000
1.12152100,-64.90839000
1.12304688,-60.42558000
1.12457275,-63.78483000
1.12609863,-68.48321000
1.12762451,-61.24539000
1.12915039,-59.50823000
1.13067627,-60.48508000
1.13220215,-64.61940000
1.13372803,-63.04162000
1.13525391,-60.42049000
1.13677979,-63.98536000
1.13830566,-78.88683000
1.13983154,-62.52244000
1.14135742,-58.87320000
1.14288330,-58.57959000
1.14440918,-61.17538000
1.14593506,-62.59136000
1.14746094,-60.54914000
1.14898682,-57.54481000
1.15051270,-56.01902000
1.15203857,-55.91369000
1.15356445,-56.12773000
1.15509033,-56.95972000
1.15661621,-57.99797000
1.15814209,-61.18808000
1.15966797,-67.59772000
1.16119385,-68.08659000
1.16271973,-62.95946000
1.16424561,-59.56047000
1.16577148,-57.90889000
1.16729736,-58.32348000
1.16882324,-59.80425000
1.17034912,-62.80948000
1.17187500,-66.76244000
1.17340088,-63.63454000
1.17492676,-59.45625000
1.17645264,-57.83469000
1.17797852,-57.72640000
1.17950439,-58.87336000
1.18103027,-60.72872000
1.18255615,-61.13982000
1.18408203,-59.74130000
1.18560791,-56.45408000
1.18713379,-57.69448000
1.18865967,-71.55812000
1.19018555,-59.99619000
1.19171143,-56.76887000
1.19323730,-57.66689000
1.19476318,-58.16534000
1.19628906,-59.14915000
1.19781494,-60.76707000
1.19934082,-63.31848000
1.20086670,-65.92271000
1.20239258,-61.86662000
1.20391846,-61.05442000
1.20544434,-65.16631000
1.20697021,-70.36001000
1.20849609,-64.16276000
1.21002197,-62.83146000
1.21154785,-62.03812000
1.21307373,-57.95952000
1.21459961,-55.74490000
1.21612549,-56.67610000
1.21765137,-58.16631000
1.21917725,-59.72056000
1.22070313,-66.30797000
1.22222900,-67.05692000
1.22375488,-67.55687000
1.22528076,-56.19351000
1.22680664,-53.09071000
1.22833252,-55.66311000
1.22985840,-63.17932000
1.23138428,-61.57954000
1.23291016,-63.96276000
1.23443604,-62.03816000
1.23596191,-56.22404000
1.23748779,-54.53485000
1.23901367,-55.93942000
1.24053955,-59.68636000
1.24206543,-63.60954000
1.24359131,-67.21035000
1.24511719,-64.79325000
1.24664307,-61.50191000
1.24816895,-60.42837000
1.24969482,-61.41914000
1.25122070,-65.59045000
1.25274658,-66.66121000
1.25427246,-65.44917000
1.25579834,-61.83955000
1.25732422,-60.94165000
1.25885010,-60.83160000
1.26037598,-60.86839000
1.26190186,-59.81924000
1.26342773,-62.29441000
1.26495361,-65.70507000
1.26647949,-58.47881000
1.26800537,-57.83057000
1.26953125,-58.69540000
1.27105713,-58.86674000
1.27258301,-60.11402000
1.27410889,-63.33866000
1.27563477,-61.89142000
1.27716064,-59.58940000
1.27868652,-61.42124000
1.28021240,-67.88454000
1.28173828,-63.22013000
1.28326416,-61.35364000
1.28479004,-66.94638000
1.28631592,-76.75240000
1.28784180,-62.08156000
1.28936768,-56.85720000
1.29089355,-56.39204000
1.29241943,-57.73598000
1.29394531,-58.56805000
1.29547119,-61.56650000
1.29699707,-71.01388000
1.29852295,-63.54914000
1.30004883,-61.38149000
1.30157471,-64.77976000
1.30310059,-65.66350000
1.30462646,-60.74236000
1.30615234,-59.27768000
1.30767822,-64.40219000
1.30920410,-67.15985000
1.31072998,-60.24399000
1.31225586,-61.73998000
1.31378174,-76.48469000
1.31530762,-66.08484000
1.31683350,-63.59169000
1.31835938,-75.50662000
1.31988525,-63.50169000
1.32141113,-60.32360000
1.32293701,-62.53102000
1.32446289,-65.63029000
1.32598877,-65.73213000
1.32751465,-64.47694000
1.32904053,-63.65939000
1.33056641,-64.34589000
1.33209229,-63.33828000
1.33361816,-61.91347000
1.33514404,-59.08889000
1.33666992,-55.90635000
1.33819580,-57.05853000
1.33972168,-67.31729000
1.34124756,-66.75829000
1.34277344,-61.14914000
1.34429932,-59.05535000
1.34582520,-58.42225000
1.34735107,-59.92298000
1.34887695,-62.83773000
1.35040283,-63.55030000
1.35192871,-62.27646000
1.35345459,-58.86541000
1.35498047,-54.81624000
1.35650635,-53.62200000
1.35803223,-54.98864000
1.35955811,-59.89767000
1.36108398,-74.89764000
1.36260986,-64.60358000
1.36413574,-64.64934000
1.36566162,-67.55479000
1.36718750,-64.26808000
1.36871338,-58.96848000
1.37023926,-55.74886000
1.37176514,-56.03180000
1.37329102,-58.39181000
1.37481689,-54.62404000
1.37634277,-53.43480000
1.37786865,-56.06455000
1.37939453,-59.03669000
1.38092041,-56.52586000
1.38244629,-56.00044000
1.38397217,-61.38076000
1.38549805,-94.86151000
1.38702393,-64.61020000
1.38854980,-60.06272000
1.39007568,-56.87345000
1.39160156,-56.05295000
1.39312744,-58.84737000
1.39465332,-70.24552000
1.39617920,-66.45651000
1.39770508,-64.86121000
1.39923096,-64.27280000
1.40075684,-61.62223000
1.40228271,-64.84323000
1.40380859,-70.17027000
1.40533447,-66.04029000
1.40686035,-65.72137000
1.40838623,-61.23949000
1.40991211,-58.23851000
1.41143799,-58.85320000
1.41296387,-62.84824000
1.41448975,-66.02023000
1.41601563,-71.64757000
1.41754150,-65.96503000
1.41906738,-59.10662000
1.42059326,-57.69656000
1.42211914,-61.03187000
1.42364502,-64.24361000
1.42517090,-58.35180000
1.42669678,-53.56079000
1.42822266,-52.50690000
1.42974854,-54.96826000
1.43127441,-63.04572000
1.43280029,-72.34313000
1.43432617,-63.46846000
1.43585205,-60.48098000
1.43737793,-61.60725000
1.43890381,-60.41660000
1.44042969,-59.57478000
1.44195557,-65.83634000
1.44348145,-64.93562000
1.44500732,-63.14839000
1.44653320,-73.54150000
1.44805908,-71.72639000
1.44958496,-68.53397000
1.45111084,-71.93299000
1.45263672,-68.47200000
1.45416260,-65.99939000
1.45568848,-69.55968000
1.45721436,-75.22251000
1.45874023,-73.21087000
1.46026611,-69.89539000
1.46179199,-65.74611000
1.46331787,-61.03212000
1.46484375,-59.42741000
1.46636963,-59.83295000
1.46789551,-61.02108000
1.46942139,-64.59843000
1.47094727,-77.18408000
1.47247314,-59.86924000
1.47399902,-57.21027000
1.47552490,-58.31315000
1.47705078,-59.96883000
1.47857666,-60.12643000
1.48010254,-58.87135000
1.48162842,-59.38866000
1.48315430,-61.18817000
1.48468018,-60.49740000
1.48620605,-60.13061000
1.48773193,-56.54336000
1.48925781,-56.65553000
1.49078369,-63.20686000
1.49230957,-65.23883000
1.49383545,-65.94819000
1.49536133,-79.08037000
1.49688721,-65.94843000
1.49841309,-61.84789000
1.49993896,-59.08763000
1.50146484,-57.15214000
1.50299072,-58.11620000
1.50451660,-61.10181000
1.50604248,-58.73444000
1.50756836,-58.75517000
1.50909424,-65.32714000
1.51062012,-59.15762000
1.51214600,-55.64479000
1.51367188,-57.64503000
1.51519775,-71.77850000
1.51672363,-60.26775000
1.51824951,-57.20437000
1.51977539,-57.26413000
1.52130127,-56.25035000
1.52282715,-56.69540000
1.52435303,-63.07046000
1.52587891,-68.61388000
1.52740479,-63.13854000
1.52893066,-64.19015000
1.53045654,-64.70396000
1.53198242,-63.66814000
1.53350830,-64.45383000
1.53503418,-65.35638000
1.53656006,-64.67004000
1.53808594,-64.35218000
1.53961182,-66.12494000
1.54113770,-64.43656000
1.54266357,-62.27202000
1.54418945,-67.74860000
1.54571533,-69.61026000
1.54724121,-62.27631000
1.54876709,-61.00491000
1.55029297,-61.50828000
1.55181885,-63.36150000
1.55334473,-61.22540000
1.55487061,-58.09254000
1.55639648,-58.91739000
1.55792236,-63.36883000
1.55944824,-68.11977000
1.56097412,-74.27842000
1.56250000,-65.40646000
1.56402588,-58.23637000
1.56555176,-56.19867000
1.56707764,-59.02747000
1.56860352,-67.15184000
1.57012939,-73.98479000
1.57165527,-75.80252000
1.57318115,-69.68333000
1.57470703,-67.74735000
1.57623291,-65.84914000
1.57775879,-62.13704000
1.57928467,-58.89134000
1.58081055,-57.08343000
1.58233643,-59.09563000
1.58386230,-64.03056000
1.58538818,-61.57349000
1.58691406,-61.30239000
1.58843994,-61.77599000
1.58996582,-61.63896000
1.59149170,-62.29070000
1.59301758,-67.03204000
1.59454346,-57.47203000
1.59606934,-53.44693000
1.59759521,-55.52444000
1.59912109,-62.84473000
1.60064697,-64.40977000
1.60217285,-71.30344000
1.60369873,-76.24561000
1.60522461,-72.97535000
1.60675049,-68.42798000
1.60827637,-64.83395000
1.60980225,-63.27060000
1.61132813,-61.94719000
1.61285400,-61.32892000
1.61437988,-61.54263000
1.61590576,-58.22701000
1.61743164,-57.07098000
1.61895752,-56.35555000
1.62048340,-55.04514000
1.62200928,-56.88293000
1.62353516,-63.75046000
1.62506104,-75.16064000
1.62658691,-62.96019000
1.62811279,-59.67608000
1.62963867,-59.12651000
1.63116455,-60.64872000
1.63269043,-63.61744000
1.63421631,-66.19810000
1.63574219,-65.85986000
1.63726807,-62.62275000
1.63879395,-61.58945000
1.64031982,-65.53346000
1.64184570,-69.98601000
1.64337158,-70.56043000
1.64489746,-64.29574000
1.64642334,-58.39476000
1.64794922,-57.58316000
1.64947510,-59.19027000
1.65100098,-62.00235000
1.65252686,-62.37186000
1.65405273,-62.50692000
1.65557861,-70.62542000
1.65710449,-67.96053000
1.65863037,-66.17896000
1.66015625,-64.43946000
1.66168213,-59.58835000
1.66320801,-59.48427000
1.66473389,-60.14536000
1.66625977,-59.23658000
1.66778564,-58.00291000
1.66931152,-57.73841000
1.67083740,-57.11860000
1.67236328,-55.53189000
1.67388916,-56.77990000
1.67541504,-62.16904000
1.67694092,-68.69534000
1.67846680,-65.46799000
1.67999268,-63.22073000
1.68151855,-64.39489000
1.68304443,-67.33855000
1.68457031,-68.58704000
1.68609619,-65.99298000
1.68762207,-64.12590000
1.68914795,-59.02728000
1.69067383,-56.90732000
1.69219971,-58.55678000
1.69372559,-59.02733000
1.69525146,-56.51581000
1.69677734,-55.70399000
1.69830322,-56.34975000
1.69982910,-56.65417000
1.70135498,-60.75304000
1.70288086,-71.76958000
1.70440674,-59.09310000
1.70593262,-58.32707000
1.70745850,-60.82090000
1.70898438,-65.44856000
1.71051025,-66.15660000
1.71203613,-65.30682000
1.71356201,-71.09505000
1.71508789,-72.70144000
1.71661377,-65.39474000
1.71813965,-59.44050000
1.71966553,-60.87762000
1.72119141,-62.32832000
1.72271729,-58.93746000
1.72424316,-59.00812000
1.72576904,-59.73906000
1.72729492,-61.66245000
1.72882080,-62.08305000
1.73034668,-64.09196000
1.73187256,-67.10908000
1.73339844,-64.50481000
1.73492432,-60.51373000
1.73645020,-59.68061000
1.73797607,-61.42055000
1.73950195,-60.12762000
1.74102783,-58.38982000
1.74255371,-61.09230000
1.74407959,-78.51450000
1.74560547,-61.38905000
1.74713135,-58.20128000
1.74865723,-57.74590000
1.75018311,-58.18378000
1.75170898,-62.55614000
1.75323486,-73.61572000
1.75476074,-60.84640000
1.75628662,-61.99525000
1.75781250,-68.26063000
1.75933838,-70.89045000
1.76086426,-69.75826000
1.76239014,-69.05179000
1.76391602,-73.11649000
1.76544189,-67.49010000
1.76696777,-60.69889000
1.76849365,-61.28212000
1.77001953,-69.94554000
1.77154541,-63.94268000
1.77307129,-58.94911000
1.77459717,-57.85761000
1.77612305,-57.82572000
1.77764893,-58.92624000
1.77917480,-63.93872000
1.78070068,-66.14742000
1.78222656,-65.96442000
1.78375244,-70.56911000
1.78527832,-68.61502000
1.78680420,-67.37230000
1.78833008,-62.16534000
1.78985596,-62.07810000
1.79138184,-69.59907000
1.79290771,-62.62151000
1.79443359,-57.67828000
1.79595947,-58.16877000
1.79748535,-61.98341000
1.79901123,-61.29731000
1.80053711,-62.30202000
1.80206299,-61.75240000
1.80358887,-58.85813000
1.80511475,-58.97178000
1.80664063,-61.88602000
1.80816650,-67.69422000
1.80969238,-70.99100000
1.81121826,-68.16145000
1.81274414,-58.45465000
1.81427002,-53.79486000
1.81579590,-53.47820000
1.81732178,-58.09863000
1.81884766,-66.26357000
1.82037354,-61.39358000
1.82189941,-62.69439000
1.82342529,-74.21995000
1.82495117,-66.58984000
1.82647705,-68.59620000
1.82800293,-63.82541000
1.82952881,-55.95499000
1.83105469,-55.15732000
1.83258057,-55.33731000
1.83410645,-54.79222000
1.83563232,-56.95530000
1.83715820,-58.54824000
1.83868408,-57.88765000
1.84020996,-62.40902000
1.84173584,-69.54339000
1.84326172,-62.42909000
1.84478760,-64.36871000
1.84631348,-66.90283000
1.84783936,-62.42103000
1.84936523,-58.93089000
1.85089111,-57.40570000
1.85241699,-58.46233000
1.85394287,-61.27798000
1.85546875,-62.65657000
1.85699463,-64.28242000
1.85852051,-64.59198000
1.86004639,-63.01064000
1.86157227,-61.81772000
1.86309814,-61.89244000
1.86462402,-67.19697000
1.86614990,-75.36627000
1.86767578,-67.29440000
1.86920166,-67.28934000
1.87072754,-66.71820000
1.87225342,-71.49449000
1.87377930,-68.25359000
1.87530518,-60.26907000
1.87683105,-56.22578000
1.87835693,-57.65865000
1.87988281,-66.38648000
1.88140869,-68.72018000
1.88293457,-74.50517000
1.88446045,-82.77113000
1.88598633,-70.27268000
1.88751221,-67.31759000
1.88903809,-64.44321000
1.89056396,-59.20082000
1.89208984,-56.30083000
1.89361572,-57.56369000
1.89514160,-60.39682000
1.89666748,-57.49237000
1.89819336,-56.78378000
1.89971924,-58.76041000
1.90124512,-61.38316000
1.90277100,-62.41539000
1.90429688,-62.48213000
1.90582275,-65.87723000
1.90734863,-65.07129000
1.90887451,-59.12188000
1.91040039,-60.16581000
1.91192627,-68.31864000
1.91345215,-70.11723000
1.91497803,-66.87781000
1.91650391,-62.97531000
1.91802979,-58.90845000
1.91955566,-58.06111000
1.92108154,-60.80906000
1.92260742,-67.36564000
1.92413330,-61.30239000
1.92565918,-58.10679000
1.92718506,-59.12363000
1.92871094,-61.14712000
1.93023682,-63.36658000
1.93176270,-67.48089000
1.93328857,-60.53852000
1.93481445,-58.43440000
1.93634033,-62.78522000
1.93786621,-64.76910000
1.93939209,-64.69115000
1.94091797,-62.71415000
1.94244385,-63.46783000
1.94396973,-65.70285000
1.94549561,-61.03463000
1.94702148,-55.24323000
1.94854736,-52.72197000
1.95007324,-54.28115000
1.95159912,-58.69894000
1.95312500,-60.25575000
1.95465088,-59.70722000
1.95617676,-60.36472000
1.95770264,-60.59443000
1.95922852,-61.28050000
1.96075439,-62.79693000
1.96228027,-63.42781000
1.96380615,-64.39872000
1.96533203,-65.62351000
1.96685791,-62.63947000
1.96838379,-58.27703000
1.96990967,-56.91866000
1.97143555,-59.98343000
1.97296143,-67.31479000
1.97448730,-68.24727000
1.97601318,-62.81037000
1.97753906,-61.95846000
1.97906494,-67.11245000
1.98059082,-74.10861000
1.98211670,-62.58366000
1.98364258,-61.13111000
1.98516846,-65.27773000
1.98669434,-64.16228000
1.98822021,-59.23422000
1.98974609,-57.82180000
1.99127197,-59.56045000
1.99279785,-62.00562000
1.99432373,-61.95041000
1.99584961,-66.20341000
1.99737549,-88.68537000
1.99890137,-70.26117000
2.00042725,-73.59843000
2.00195313,-75.96457000
2.00347900,-69.54705000
2.00500488,-69.37293000
2.00653076,-72.62450000
2.00805664,-60.46997000
2.00958252,-58.91418000
2.01110840,-62.91277000
2.01263428,-65.29240000
2.01416016,-65.93591000
2.01568604,-71.30565000
2.01721191,-65.76674000
2.01873779,-60.94845000
2.02026367,-59.47932000
2.02178955,-62.46298000
2.02331543,-72.10233000
2.02484131,-65.32951000
2.02636719,-60.64777000
2.02789307,-58.30801000
2.02941895,-58.06705000
2.03094482,-59.81924000
2.03247070,-58.98090000
2.03399658,-57.58460000
2.03552246,-58.21205000
2.03704834,-58.04417000
2.03857422,-56.66433000
2.04010010,-55.70621000
2.04162598,-57.01821000
2.04315186,-61.41566000
2.04467773,-62.54872000
2.04620361,-64.78513000
2.04772949,-73.19303000
2.04925537,-78.11480000
2.05078125,-67.76099000
2.05230713,-62.52280000
2.05383301,-59.51833000
2.05535889,-56.77651000
2.05688477,-54.99083000
2.05841064,-56.49285000
2.05993652,-63.63567000
2.06146240,-68.30980000
2.06298828,-66.81976000
2.06451416,-63.72853000
2.06604004,-65.09468000
2.06756592,-65.82554000
2.06909180,-65.82293000
2.07061768,-64.69413000
2.07214355,-62.84213000
2.07366943,-62.13213000
2.07519531,-60.61029000
2.07672119,-57.09523000
2.07824707,-55.35572000
2.07977295,-57.89865000
2.08129883,-66.23270000
2.08282471,-65.07761000
2.08435059,-64.23792000
2.08587646,-63.71553000
2.08740234,-62.88612000
2.08892822,-61.87469000
2.09045410,-58.97902000
2.09197998,-56.76491000
2.09350586,-56.72353000
2.09503174,-58.99890000
2.09655762,-61.97355000
2.09808350,-60.90258000
2.09960938,-58.74448000
2.10113525,-57.59235000
2.10266113,-58.50353000
2.10418701,-62.01328000
2.10571289,-66.83012000
2.10723877,-69.49590000
2.10876465,-64.66004000
2.11029053,-62.54986000
2.11181641,-64.17058000
2.11334229,-61.36988000
2.11486816,-57.43138000
2.11639404,-58.73998000
2.11791992,-61.72001000
2.11944580,-59.54248000
2.12097168,-66.43418000
2.12249756,-63.13862000
2.12402344,-58.51642000
2.12554932,-60.07492000
2.12707520,-63.53122000
2.12860107,-62.23917000
2.13012695,-63.23965000
2.13165283,-62.74516000
2.13317871,-59.77973000
2.13470459,-58.57557000
2.13623047,-58.29186000
2.13775635,-57.78143000
2.13928223,-57.13791000
2.14080811,-59.73006000
2.14233398,-66.08630000
2.14385986,-65.02855000
2.14538574,-61.63644000
2.14691162,-60.94732000
2.14843750,-62.27385000
2.14996338,-66.63609000
2.15148926,-72.04092000
2.15301514,-59.23936000
2.15454102,-54.73509000
2.15606689,-54.17059000
2.15759277,-57.56257000
2.15911865,-65.04601000
2.16064453,-70.80476000
2.16217041,-65.64545000
2.16369629,-72.26344000
2.16522217,-61.56462000
2.16674805,-56.56407000
2.16827393,-55.83772000
2.16979980,-57.64853000
2.17132568,-63.04419000
2.17285156,-68.75478000
2.17437744,-60.90744000
2.17590332,-62.84406000
2.17742920,-61.10674000
2.17895508,-58.42644000
2.18048096,-57.48750000
2.18200684,-55.33131000
2.18353271,-57.44403000
2.18505859,-60.36016000
2.18658447,-59.52637000
2.18811035,-59.84655000
2.18963623,-65.00237000
2.19116211,-69.07966000
2.19268799,-69.51549000
2.19421387,-71.97256000
2.19573975,-66.74068000
2.19726563,-60.58479000
2.19879150,-57.74817000
2.20031738,-58.81435000
2.20184326,-63.35218000
2.20336914,-70.17323000
2.20489502,-67.22874000
2.20642090,-73.39180000
2.20794678,-60.41349000
2.20947266,-57.38107000
2.21099854,-61.20498000
2.21252441,-75.71263000
2.21405029,-63.60728000
2.21557617,-59.72843000
2.21710205,-60.78415000
2.21862793,-81.58523000
2.22015381,-61.28036000
2.22167969,-58.16293000
2.22320557,-59.75025000
2.22473145,-62.51884000
2.22625732,-63.18209000
2.22778320,-67.82130000
2.22930908,-67.29290000
2.23083496,-66.31229000
2.23236084,-69.46260000
2.23388672,-64.21292000
2.23541260,-62.88008000
2.23693848,-62.33958000
2.23846436,-62.59880000
2.23999023,-64.29303000
2.24151611,-66.16832000
2.24304199,-65.08922000
2.24456787,-63.79522000
2.24609375,-66.71558000
2.24761963,-69.72342000
2.24914551,-65.62893000
2.25067139,-60.19194000
2.25219727,-58.58821000
2.25372314,-60.66958000
2.25524902,-66.23438000
2.25677490,-64.67616000
2.25830078,-59.68576000
2.25982666,-58.08407000
2.26135254,-58.12721000
2.26287842,-60.21735000
2.26440430,-67.28519000
2.26593018,-70.24392000
2.26745605,-62.58557000
2.26898193,-61.19999000
2.27050781,-70.87121000
2.27203369,-63.40005000
2.27355957,-59.77382000
2.27508545,-61.86226000
2.27661133,-62.61038000
2.27813721,-59.83902000
2.27966309,-59.93499000
2.28118896,-63.12725000
2.28271484,-61.44862000
2.28424072,-61.37603000
2.28576660,-67.16412000
2.28729248,-73.92192000
2.28881836,-73.28935000
2.29034424,-68.14410000
2.29187012,-59.70782000
2.29339600,-57.60250000
2.29492188,-60.39218000
2.29644775,-68.62477000
2.29797363,-77.22909000
2.29949951,-65.17432000
2.30102539,-63.59006000
2.30255127,-65.85872000
2.30407715,-56.07380000
2.30560303,-54.03062000
2.30712891,-56.81850000
2.30865479,-61.49759000
2.31018066,-61.96398000
2.31170654,-62.54868000
2.31323242,-66.95149000
2.31475830,-81.40175000
2.31628418,-71.15501000
2.31781006,-66.68915000
2.31933594,-63.63163000
2.32086182,-59.26694000
2.32238770,-56.98248000
2.32391357,-56.37547000
2.32543945,-59.05556000
2.32696533,-68.59821000
2.32849121,-79.26637000
2.33001709,-69.29889000
2.33154297,-61.39112000
2.33306885,-55.78976000
2.33459473,-52.80418000
2.33612061,-52.68099000
2.33764648,-54.74326000
2.33917236,-57.32777000
2.34069824,-62.05666000
2.34222412,-72.45447000
2.34375000,-66.99009000
2.34527588,-62.09815000
2.34680176,-58.82250000
2.34832764,-56.56889000
2.34985352,-55.37724000
2.35137939,-54.87739000
2.35290527,-55.47668000
2.35443115,-58.91997000
2.35595703,-67.01738000
2.35748291,-70.37429000
2.35900879,-60.80374000
2.36053467,-58.02510000
2.36206055,-60.87132000
2.36358643,-66.56650000
2.36511230,-71.55997000
2.36663818,-66.63213000
2.36816406,-59.13317000
2.36968994,-55.63517000
2.37121582,-57.23490000
2.37274170,-67.51614000
2.37426758,-65.39889000
2.37579346,-62.68680000
2.37731934,-62.92643000
2.37884521,-65.36439000
2.38037109,-73.45909000
2.38189697,-70.12016000
2.38342285,-66.20356000
2.38494873,-68.22000000
2.38647461,-77.29909000
2.38800049,-78.10943000
2.38952637,-74.30325000
2.39105225,-70.81235000
2.39257813,-65.31605000
2.39410400,-61.53059000
2.39562988,-62.78082000
2.39715576,-63.97627000
2.39868164,-62.79896000
2.40020752,-64.65045000
2.40173340,-67.37026000
2.40325928,-72.36619000
2.40478516,-72.17227000
2.40631104,-68.56377000
2.40783691,-62.35897000
2.40936279,-60.12113000
2.41088867,-62.95844000
2.41241455,-72.32200000
2.41394043,-69.40776000
2.41546631,-63.09813000
2.41699219,-59.32179000
2.41851807,-57.97763000
2.42004395,-58.43355000
2.42156982,-60.86536000
2.42309570,-61.86092000
2.42462158,-61.08072000
2.42614746,-62.98124000
2.42767334,-60.84603000
2.42919922,-58.45473000
2.43072510,-59.06920000
2.43225098,-59.81937000
2.43377686,-60.75008000
2.43530273,-59.54927000
2.43682861,-57.23048000
2.43835449,-58.37257000
2.43988037,-65.97841000
2.44140625,-64.69941000
2.44293213,-64.87572000
2.44445801,-74.10968000
2.44598389,-64.63489000
2.44750977,-62.15390000
2.44903564,-62.97887000
2.45056152,-65.01107000
2.45208740,-68.06930000
2.45361328,-64.72891000
2.45513916,-61.27617000
2.45666504,-61.50276000
2.45819092,-61.68777000
2.45971680,-59.00898000
2.46124268,-59.47198000
2.46276855,-65.88475000
2.46429443,-65.53379000
2.46582031,-63.87381000
2.46734619,-61.22235000
2.46887207,-59.94444000
2.47039795,-60.70386000
2.47192383,-60.23003000
2.47344971,-58.46968000
2.47497559,-57.92931000
2.47650146,-61.49252000
2.47802734,-75.93774000
2.47955322,-63.52045000
2.48107910,-60.12299000
2.48260498,-62.33183000
2.48413086,-73.67735000
2.48565674,-71.10648000
2.48718262,-61.80239000
2.48870850,-56.95328000
2.49023438,-57.36691000
2.49176025,-61.88196000
2.49328613,-64.06516000
2.49481201,-61.20683000
2.49633789,-60.00345000
2.49786377,-64.15447000
2.49938965,-70.44146000
2.50091553,-62.15644000
2.50244141,-59.11690000
2.50396729,-58.74833000
2.50549316,-59.28204000
2.50701904,-59.59367000
2.50854492,-60.28865000
2.51007080,-64.05204000
2.51159668,-73.44194000
2.51312256,-57.57032000
2.51464844,-54.22119000
2.51617432,-57.04426000
2.51770020,-64.52068000
2.51922607,-63.82367000
2.52075195,-70.06699000
2.52227783,-66.63364000
2.52380371,-73.03525000
2.52532959,-59.58858000
2.52685547,-58.07994000
2.52838135,-59.93180000
2.52990723,-63.25148000
2.53143311,-67.61125000
2.53295898,-60.58242000
2.53448486,-58.69340000
2.53601074,-60.06398000
2.53753662,-62.82022000
2.53906250,-63.55199000
2.54058838,-63.77174000
2.54211426,-64.84868000
2.54364014,-65.68786000
2.54516602,-66.25410000
2.54669189,-67.27231000
2.54821777,-62.43855000
2.54974365,-61.19786000
2.55126953,-66.41685000
2.55279541,-82.02744000
2.55432129,-67.84065000
2.55584717,-64.83242000
2.55737305,-64.59602000
2.55889893,-67.28871000
2.56042480,-69.11736000
2.56195068,-67.02753000
2.56347656,-63.09715000
2.56500244,-60.60450000
2.56652832,-60.36895000
2.56805420,-62.89417000
2.56958008,-63.51549000
2.57110596,-59.32838000
2.57263184,-58.87158000
2.57415771,-62.98202000
2.57568359,-68.02405000
2.57720947,-65.73907000
2.57873535,-65.39529000
2.58026123,-65.87014000
2.58178711,-68.67329000
2.58331299,-60.41616000
2.58483887,-56.14339000
2.58636475,-57.51339000
2.58789063,-65.59845000
2.58941650,-71.26012000
2.59094238,-63.29808000
2.59246826,-63.44407000
2.59399414,-64.50674000
2.59552002,-59.41027000
2.59704590,-56.24203000
2.59857178,-56.07641000
2.60009766,-59.05474000
2.60162354,-63.85588000
2.60314941,-63.38585000
2.60467529,-61.17566000
2.60620117,-67.45482000
2.60772705,-62.68827000
2.60925293,-56.98049000
2.61077881,-58.42764000
2.61230469,-68.66225000
2.61383057,-70.65013000
2.61535645,-65.19069000
2.61688232,-59.10084000
2.61840820,-61.75040000
2.61993408,-70.43051000
2.62145996,-60.57348000
2.62298584,-61.17012000
2.62451172,-60.75005000
2.62603760,-65.61240000
2.62756348,-64.31867000
2.62908936,-62.92648000
2.63061523,-70.37050000
2.63214111,-64.97807000
2.63366699,-67.31406000
2.63519287,-85.11768000
2.63671875,-66.48351000
2.63824463,-58.97014000
2.63977051,-56.26591000
2.64129639,-56.16650000
2.64282227,-59.04141000
2.64434814,-70.72169000
2.64587402,-61.08397000
2.64739990,-57.07642000
2.64892578,-57.02097000
2.65045166,-58.46590000
2.65197754,-60.28399000
2.65350342,-59.12793000
2.65502930,-57.10173000
2.65655518,-58.22567000
2.65808105,-60.24776000
2.65960693,-59.03655000
2.66113281,-56.64336000
2.66265869,-56.06248000
2.66418457,-56.06800000
2.66571045,-55.48700000
2.66723633,-56.92080000
2.66876221,-60.69533000
2.67028809,-60.68684000
2.67181396,-59.05956000
2.67333984,-59.42596000
2.67486572,-62.33333000
2.67639160,-67.08583000
2.67791748,-62.43628000
2.67944336,-59.44210000
2.68096924,-58.61334000
2.68249512,-60.26015000
2.68402100,-67.00703000
2.68554688,-64.17004000
2.68707275,-58.80089000
2.68859863,-55.75762000
2.69012451,-55.27612000
2.69165039,-58.46390000
2.69317627,-58.19812000
2.69470215,-55.63302000
2.69622803,-55.88274000
2.69775391,-58.53959000
2.69927979,-57.53121000
2.70080566,-58.67382000
2.70233154,-67.77946000
2.70385742,-65.59735000
2.70538330,-63.07686000
2.70690918,-63.90806000
2.70843506,-75.06675000
2.70996094,-62.28829000
2.71148682,-62.65343000
2.71301270,-79.74708000
2.71453857,-60.25102000
2.71606445,-57.57016000
2.71759033,-61.09205000
2.71911621,-64.09215000
2.72064209,-63.19777000
2.72216797,-61.55980000
2.72369385,-59.59257000
2.72521973,-60.45281000
2.72674561,-63.00772000
2.72827148,-63.84388000
2.72979736,-62.05158000
2.73132324,-60.18565000
2.73284912,-60.32001000
2.73437500,-62.98525000
2.73590088,-64.57726000
2.73742676,-61.46455000
2.73895264,-59.66146000
2.74047852,-63.04966000
2.74200439,-63.60672000
2.74353027,-57.22972000
2.74505615,-55.75368000
2.74658203,-59.82412000
2.74810791,-68.30093000
2.74963379,-56.78648000
2.75115967,-55.46066000
2.75268555,-58.09639000
2.75421143,-62.94718000
2.75573730,-68.54049000
2.75726318,-69.81637000
2.75878906,-66.72528000
2.76031494,-65.76040000
2.76184082,-65.74695000
2.76336670,-63.27615000
2.76489258,-59.85384000
2.76641846,-56.34413000
2.76794434,-54.95015000
2.76947021,-56.84848000
2.77099609,-62.99288000
2.77252197,-67.75336000
2.77404785,-59.63765000
2.77557373,-57.21605000
2.77709961,-58.22187000
2.77862549,-61.34680000
2.78015137,-65.74058000
2.78167725,-68.53787000
2.78320313,-65.37877000
2.78472900,-61.75256000
2.78625488,-59.53324000
2.78778076,-61.90053000
2.78930664,-66.49703000
2.79083252,-61.28481000
2.79235840,-59.68064000
2.79388428,-59.33012000
2.79541016,-58.58486000
2.79693604,-56.71724000
2.79846191,-56.77369000
2.79998779,-60.97159000
2.80151367,-62.89766000
2.80303955,-58.56664000
2.80456543,-58.88626000
2.80609131,-63.57980000
2.80761719,-70.09875000
2.80914307,-71.19851000
2.81066895,-67.07717000
2.81219482,-62.86027000
2.81372070,-61.44117000
2.81524658,-63.50140000
2.81677246,-69.07359000
2.81829834,-68.35126000
2.81982422,-74.82892000
2.82135010,-69.06615000
2.82287598,-64.16829000
2.82440186,-67.28566000
2.82592773,-70.71515000
2.82745361,-63.18103000
2.82897949,-57.24945000
2.83050537,-56.22163000
2.83203125,-58.40816000
2.83355713,-61.91667000
2.83508301,-63.64627000
2.83660889,-61.52975000
2.83813477,-57.31138000
2.83966064,-54.27567000
2.84118652,-53.45756000
2.84271240,-55.26747000
2.84423828,-61.24695000
2.84576416,-85.08003000
2.84729004,-67.40334000
2.84881592,-66.58916000
2.85034180,-71.58438000
2.85186768,-74.88029000
2.85339355,-64.68846000
2.85491943,-59.47309000
2.85644531,-57.20773000
2.85797119,-57.98041000
2.85949707,-59.66459000
2.86102295,-59.25033000
2.86254883,-59.59564000
2.86407471,-61.95140000
2.86560059,-64.59872000
2.86712646,-66.37025000
2.86865234,-71.40937000
2.87017822,-80.01935000
2.87170410,-69.36649000
2.87322998,-59.78163000
2.87475586,-58.33966000
2.87628174,-60.41242000
2.87780762,-58.63491000
2.87933350,-57.04090000
2.88085938,-58.40879000
2.88238525,-63.74487000
2.88391113,-70.61589000
2.88543701,-66.59470000
2.88696289,-62.48125000
2.88848877,-62.78910000
2.89001465,-66.37542000
2.89154053,-59.66533000
2.89306641,-58.50115000
2.89459229,-65.10333000
2.89611816,-67.35001000
2.89764404,-59.63878000
2.89916992,-59.25408000
2.90069580,-64.03463000
2.90222168,-71.59290000
2.90374756,-69.23515000
2.90527344,-67.53067000
2.90679932,-63.82399000
2.90832520,-59.96761000
2.90985107,-57.07012000
2.91137695,-57.02045000
2.91290283,-62.41494000
2.91442871,-65.65365000
2.91595459,-60.75391000
2.91748047,-59.24460000
2.91900635,-59.51492000
2.92053223,-62.28179000
2.92205811,-66.12696000
2.92358398,-71.11129000
2.92510986,-65.42039000
2.92663574,-58.74388000
2.92816162,-57.08303000
2.92968750,-58.45411000
2.93121338,-62.54289000
2.93273926,-58.44677000
2.93426514,-55.57641000
2.93579102,-55.36768000
2.93731689,-56.78147000
2.93884277,-57.87359000
2.94036865,-56.57626000
2.94189453,-55.07970000
2.94342041,-56.23063000
2.94494629,-61.04444000
2.94647217,-65.14257000
2.94799805,-63.46308000
2.94952393,-61.23829000
2.95104980,-61.99217000
2.95257568,-66.06179000
2.95410156,-66.64555000
2.95562744,-66.93746000
2.95715332,-64.00268000
2.95867920,-59.67521000
2.96020508,-58.36926000
2.96173096,-57.46817000
2.96325684,-56.93752000
2.96478271,-59.32790000
2.96630859,-66.19035000
2.96783447,-61.92331000
2.96936035,-58.54404000
2.97088623,-60.77929000
2.97241211,-69.06754000
2.97393799,-69.88763000
2.97546387,-65.01142000
2.97698975,-65.39731000
2.97851563,-79.61335000
2.98004150,-62.84339000
2.98156738,-60.29990000
2.98309326,-59.24909000
2.98461914,-61.03742000
2.98614502,-64.72987000
2.98767090,-60.18663000
2.98919678,-59.77484000
2.99072266,-61.53905000
2.99224854,-65.82322000
2.99377441,-65.38454000
2.99530029,-61.69679000
2.99682617,-62.67775000
2.99835205,-66.82063000
2.99987793,-67.81992000
3.00140381,-66.77460000
3.00292969,-60.89730000
3.00445557,-59.45173000
3.00598145,-61.82635000
3.00750732,-72.08444000
3.00903320,-66.76095000
3.01055908,-63.87786000
3.01208496,-71.11368000
3.01361084,-65.32707000
3.01513672,-62.59279000
3.01666260,-64.49202000
3.01818848,-62.47442000
3.01971436,-59.48616000
3.02124023,-58.33037000
3.02276611,-58.41505000
3.02429199,-59.30451000
3.02581787,-58.85784000
3.02734375,-57.65078000
3.02886963,-57.91793000
3.03039551,-60.47916000
3.03192139,-68.17532000
3.03344727,-67.97283000
3.03497314,-64.77176000
3.03649902,-79.25644000
3.03802490,-63.16149000
3.03955078,-61.96011000
3.04107666,-61.67218000
3.04260254,-57.48773000
3.04412842,-55.74141000
3.04565430,-56.08090000
3.04718018,-56.95877000
3.04870605,-59.58873000
3.05023193,-63.50548000
3.05175781,-63.60658000
3.05328369,-61.08154000
3.05480957,-59.38700000
3.05633545,-62.81618000
3.05786133,-64.61086000
3.05938721,-63.80770000
3.06091309,-67.01959000
3.06243896,-73.37199000
3.06396484,-68.98045000
3.06549072,-64.36691000
3.06701660,-60.93137000
3.06854248,-56.29992000
3.07006836,-53.95029000
3.07159424,-54.01556000
3.07312012,-56.99492000
3.07464600,-64.16546000
3.07617188,-66.49487000
3.07769775,-66.32489000
3.07922363,-68.04173000
3.08074951,-69.16998000
3.08227539,-68.36726000
3.08380127,-60.33531000
3.08532715,-57.60892000
3.08685303,-60.66391000
3.08837891,-94.50652000
3.08990479,-61.87403000
3.09143066,-57.51783000
3.09295654,-56.54055000
3.09448242,-59.72567000
3.09600830,-62.76428000
3.09753418,-57.95126000
3.09906006,-57.30706000
3.10058594,-59.05803000
3.10211182,-61.66191000
3.10363770,-66.43002000
3.10516357,-74.14993000
3.10668945,-84.69398000
3.10821533,-72.22609000
3.10974121,-68.15012000
3.11126709,-69.63235000
3.11279297,-69.15698000
3.11431885,-63.79830000
3.11584473,-60.26060000
3.11737061,-61.93867000
3.11889648,-67.23132000
3.12042236,-64.91719000
3.12194824,-59.44761000
3.12347412,-57.17455000
3.12500000,-57.22664000
3.12652588,-58.68661000
3.12805176,-60.00403000
3.12957764,-61.49433000
3.13110352,-67.63046000
3.13262939,-73.15971000
3.13415527,-73.33627000
3.13568115,-66.49272000
3.13720703,-60.23605000
3.13873291,-60.96626000
3.14025879,-66.69490000
3.14178467,-70.61095000
3.14331055,-73.48538000
3.14483643,-64.12153000
3.14636230,-58.84985000
3.14788818,-58.99440000
3.14941406,-66.22736000
3.15093994,-74.35950000
3.15246582,-77.90758000
3.15399170,-70.45831000
3.15551758,-65.32378000
3.15704346,-61.15691000
3.15856934,-61.27744000
3.16009521,-62.27167000
3.16162109,-61.74839000
3.16314697,-63.18280000
3.16467285,-65.16425000
3.16619873,-67.09778000
3.16772461,-73.52036000
3.16925049,-63.55198000
3.17077637,-59.55025000
3.17230225,-59.80366000
3.17382813,-62.68151000
3.17535400,-59.94844000
3.17687988,-58.75329000
3.17840576,-62.04242000
3.17993164,-67.66549000
3.18145752,-73.58444000
3.18298340,-89.16228000
3.18450928,-85.49793000
3.18603516,-69.62054000
3.18756104,-61.72953000
3.18908691,-58.63738000
3.19061279,-60.27312000
3.19213867,-70.14749000
3.19366455,-69.45623000
3.19519043,-64.86210000
3.19671631,-68.44966000
3.19824219,-88.60992000
3.19976807,-76.37309000
3.20129395,-91.51595000
3.20281982,-68.76064000
3.20434570,-65.20345000
3.20587158,-73.79962000
3.20739746,-66.15508000
3.20892334,-61.04520000
3.21044922,-57.86274000
3.21197510,-55.90656000
3.21350098,-56.96957000
3.21502686,-61.72654000
3.21655273,-72.37683000
3.21807861,-71.74117000
3.21960449,-60.93245000
3.22113037,-56.21828000
3.22265625,-55.71490000
3.22418213,-57.94501000
3.22570801,-61.75171000
3.22723389,-69.20285000
3.22875977,-72.44859000
3.23028564,-70.52921000
3.23181152,-68.22428000
3.23333740,-65.03504000
3.23486328,-61.78235000
3.23638916,-59.03889000
3.23791504,-59.26741000
3.23944092,-61.64576000
3.24096680,-63.43317000
3.24249268,-64.21132000
3.24401855,-65.00415000
3.24554443,-65.75958000
3.24707031,-66.55379000
3.24859619,-67.43336000
3.25012207,-67.42392000
3.25164795,-67.52676000
3.25317383,-70.84901000
3.25469971,-66.31029000
3.25622559,-60.11187000
3.25775146,-58.82408000
3.25927734,-61.31580000
3.26080322,-62.20420000
3.26232910,-62.05910000
3.26385498,-64.32351000
3.26538086,-60.80140000
3.26690674,-60.31477000
3.26843262,-62.30192000
3.26995850,-65.24817000
3.27148438,-69.50187000
3.27301025,-65.76723000
3.27453613,-60.82230000
3.27606201,-61.80040000
3.27758789,-72.90147000
3.27911377,-78.11924000
3.28063965,-71.11848000
3.28216553,-63.91990000
3.28369141,-62.97337000
3.28521729,-61.96834000
3.28674316,-59.39880000
3.28826904,-59.19376000
3.28979492,-63.74615000
3.29132080,-69.55178000
3.29284668,-64.53878000
3.29437256,-61.67551000
3.29589844,-59.18562000
3.29742432,-61.83611000
3.29895020,-65.88387000
3.30047607,-69.68401000
3.30200195,-73.93007000
3.30352783,-67.41399000
3.30505371,-64.99146000
3.30657959,-60.93093000
3.30810547,-60.08333000
3.30963135,-66.84335000
3.31115723,-69.44191000
3.31268311,-62.04181000
3.31420898,-61.29942000
3.31573486,-62.67997000
3.31726074,-69.21397000
3.31878662,-75.77505000
3.32031250,-67.88776000
3.32183838,-60.72711000
3.32336426,-55.82575000
3.32489014,-55.45866000
3.32641602,-59.16800000
3.32794189,-62.33240000
3.32946777,-59.62783000
3.33099365,-58.40464000
3.33251953,-60.89423000
3.33404541,-67.67790000
3.33557129,-64.62077000
3.33709717,-62.11223000
3.33862305,-62.46978000
3.34014893,-67.44092000
3.34167480,-76.69527000
3.34320068,-65.31430000
3.34472656,-59.83612000
3.34625244,-58.33435000
3.34777832,-57.99757000
3.34930420,-58.71794000
3.35083008,-60.53555000
3.35235596,-60.16520000
3.35388184,-58.13448000
3.35540771,-56.13594000
3.35693359,-55.35647000
3.35845947,-55.72061000
3.35998535,-57.00108000
3.36151123,-58.69320000
3.36303711,-60.77106000
3.36456299,-61.56959000
3.36608887,-58.67752000
3.36761475,-56.98216000
3.36914063,-59.32570000
3.37066650,-68.20405000
3.37219238,-73.57436000
3.37371826,-73.41113000
3.37524414,-63.81668000
3.37677002,-60.79200000
3.37829590,-61.92974000
3.37982178,-67.54517000
3.38134766,-65.39452000
3.38287354,-60.06021000
3.38439941,-59.03250000
3.38592529,-62.11861000
3.38745117,-68.73460000
3.38897705,-67.77557000
3.39050293,-66.44306000
3.39202881,-61.43863000
3.39355469,-57.41525000
3.39508057,-58.24217000
3.39660645,-65.18327000
3.39813232,-71.31143000
3.39965820,-61.09066000
3.40118408,-56.16973000
3.40270996,-55.07637000
3.40423584,-57.01660000
3.40576172,-60.44894000
3.40728760,-62.17765000
3.40881348,-63.29044000
3.41033936,-64.74372000
3.41186523,-66.05920000
3.41339111,-63.73665000
3.41491699,-63.63037000
3.41644287,-70.38423000
3.41796875,-63.59522000
3.41949463,-64.48197000
3.42102051,-68.32603000
3.42254639,-59.86776000
3.42407227,-59.94156000
3.42559814,-66.07443000
3.42712402,-69.52516000
3.42864990,-62.30801000
3.43017578,-59.36039000
3.43170166,-59.50765000
3.43322754,-64.71994000
3.43475342,-69.79942000
3.43627930,-65.08987000
3.43780518,-65.69381000
3.43933105,-66.64915000
3.44085693,-70.35331000
3.44238281,-75.32313000
3.44390869,-69.77845000
3.44543457,-65.39730000
3.44696045,-68.37548000
3.44848633,-65.28184000
3.45001221,-60.41871000
3.45153809,-60.09020000
3.45306396,-62.25172000
3.45458984,-65.40532000
3.45611572,-61.52348000
3.45764160,-56.46175000
3.45916748,-56.00902000
3.46069336,-61.22034000
3.46221924,-73.19341000
3.46374512,-65.40950000
3.46527100,-62.11046000
3.46679688,-59.52331000
3.46832275,-56.39323000
3.46984863,-55.62671000
3.47137451,-57.68704000
3.47290039,-61.36819000
3.47442627,-64.80016000
3.47595215,-66.73911000
3.47747803,-66.94369000
3.47900391,-65.07522000
3.48052979,-64.08644000
3.48205566,-68.90317000
3.48358154,-68.29004000
3.48510742,-62.15572000
3.48663330,-59.98347000
3.48815918,-60.17754000
3.48968506,-62.97611000
3.49121094,-64.68449000
3.49273682,-64.68002000
3.49426270,-65.96597000
3.49578857,-63.06456000
3.49731445,-61.14972000
3.49884033,-63.34989000
3.50036621,-71.66434000
3.50189209,-63.11027000
3.50341797,-60.20802000
3.50494385,-60.92451000
3.50646973,-61.34430000
3.50799561,-65.68050000
3.50952148,-66.52301000
3.51104736,-61.15567000
3.51257324,-59.78411000
3.51409912,-59.09832000
3.51562500,-59.39418000
3.51715088,-63.66731000
3.51867676,-76.20256000
3.52020264,-64.19733000
3.52172852,-67.58359000
3.52325439,-65.53868000
3.52478027,-62.76625000
3.52630615,-64.10837000
3.52783203,-64.59251000
3.52935791,-63.31038000
3.53088379,-60.02800000
3.53240967,-58.88711000
3.53393555,-61.84159000
3.53546143,-68.51688000
3.53698730,-66.01315000
3.53851318,-60.46561000
3.54003906,-60.97252000
3.54156494,-73.46491000
3.54309082,-63.39264000
3.54461670,-59.87150000
3.54614258,-60.77200000
3.54766846,-61.15934000
3.54919434,-58.91001000
3.55072021,-58.25056000
3.55224609,-59.07587000
3.55377197,-57.73011000
3.55529785,-55.14498000
3.55682373,-55.42456000
3.55834961,-61.24684000
3.55987549,-64.99543000
3.56140137,-59.03997000
3.56292725,-57.39323000
3.56445313,-58.18513000
3.56597900,-59.60875000
3.56750488,-58.95681000
3.56903076,-58.07038000
3.57055664,-59.64473000
3.57208252,-65.68179000
3.57360840,-70.64735000
3.57513428,-63.91998000
3.57666016,-58.82935000
3.57818604,-58.85341000
3.57971191,-62.26894000
3.58123779,-67.07731000
3.58276367,-72.82907000
3.58428955,-72.92523000
3.58581543,-61.45931000
3.58734131,-59.36169000
3.58886719,-62.13052000
3.59039307,-61.60717000
3.59191895,-62.62566000
3.59344482,-66.17681000
3.59497070,-61.85232000
3.59649658,-58.50450000
3.59802246,-59.42101000
3.59954834,-64.04885000
3.60107422,-71.27399000
3.60260010,-63.69699000
3.60412598,-60.10875000
3.60565186,-60.13815000
3.60717773,-64.72350000
3.60870361,-68.53087000
3.61022949,-63.51358000
3.61175537,-62.10776000
3.61328125,-60.17117000
3.61480713,-58.19691000
3.61633301,-58.60385000
3.61785889,-66.67739000
3.61938477,-61.42655000
3.62091064,-55.71095000
3.62243652,-56.56034000
3.62396240,-58.64046000
3.62548828,-62.13421000
3.62701416,-79.82110000
3.62854004,-63.71372000
3.63006592,-63.95847000
3.63159180,-61.15650000
3.63311768,-62.37433000
3.63464355,-80.71239000
3.63616943,-61.05972000
3.63769531,-59.66504000
3.63922119,-62.57927000
3.64074707,-66.37407000
3.64227295,-65.40546000
3.64379883,-59.12468000
3.64532471,-56.98185000
3.64685059,-57.58081000
3.64837646,-59.37140000
3.64990234,-62.50813000
3.65142822,-66.39470000
3.65295410,-62.76213000
3.65447998,-59.81495000
3.65600586,-62.55723000
3.65753174,-81.52816000
3.65905762,-61.65276000
3.66058350,-58.44453000
3.66210938,-58.18531000
3.66363525,-60.06561000
3.66516113,-60.09197000
3.66668701,-60.39610000
3.66821289,-62.66577000
3.66973877,-63.78623000
3.67126465,-61.44871000
3.67279053,-60.77150000
3.67431641,-58.93433000
3.67584229,-56.40173000
3.67736816,-56.41228000
3.67889404,-57.37440000
3.68041992,-58.89901000
3.68194580,-60.65656000
3.68347168,-65.81174000
3.68499756,-71.16078000
3.68652344,-66.10211000
3.68804932,-63.75928000
3.68957520,-61.33620000
3.69110107,-61.64917000
3.69262695,-63.07388000
3.69415283,-63.30087000
3.69567871,-62.25155000
3.69720459,-61.94395000
3.69873047,-66.48428000
3.70025635,-73.30587000
3.70178223,-62.51068000
3.70330811,-61.85144000
3.70483398,-62.82901000
3.70635986,-65.11906000
3.70788574,-75.65528000
3.70941162,-69.07065000
3.71093750,-71.25815000
3.71246338,-62.47869000
3.71398926,-56.99505000
3.71551514,-55.31568000
3.71704102,-56.45402000
3.71856689,-58.95628000
3.72009277,-61.09654000
3.72161865,-62.52441000
3.72314453,-63.97173000
3.72467041,-72.25710000
3.72619629,-65.53542000
3.72772217,-61.27066000
3.72924805,-76.56871000
3.73077393,-59.26109000
3.73229980,-56.67530000
3.73382568,-59.79057000
3.73535156,-60.47393000
3.73687744,-60.16733000
3.73840332,-61.39424000
3.73992920,-62.05842000
3.74145508,-62.86946000
3.74298096,-66.16197000
3.74450684,-63.78187000
3.74603271,-60.89685000
3.74755859,-61.32372000
3.74908447,-64.21592000
3.75061035,-64.10764000
3.75213623,-59.44641000
3.75366211,-58.30387000
3.75518799,-58.23623000
3.75671387,-58.55261000
3.75823975,-61.73061000
3.75976563,-68.41734000
3.76129150,-63.96515000
3.76281738,-63.63509000
3.76434326,-71.96246000
3.76586914,-64.23014000
3.76739502,-60.84983000
3.76892090,-60.44577000
3.77044678,-58.24136000
3.77197266,-56.01033000
3.77349854,-56.45518000
3.77502441,-60.73501000
3.77655029,-62.29831000
3.77807617,-58.94556000
3.77960205,-62.31115000
3.78112793,-68.07494000
3.78265381,-67.48840000
3.78417969,-60.11187000
3.78570557,-56.11311000
3.78723145,-56.21895000
3.78875732,-61.15384000
3.79028320,-68.34379000
3.79180908,-66.73595000
3.79333496,-64.11408000
3.79486084,-62.02183000
3.79638672,-63.57769000
3.79791260,-70.06885000
3.79943848,-74.65136000
3.80096436,-66.28957000
3.80249023,-60.80217000
3.80401611,-60.44093000
3.80554199,-70.83173000
3.80706787,-64.55898000
3.80859375,-63.48156000
3.81011963,-71.07281000
3.81164551,-62.19562000
3.81317139,-57.52974000
3.81469727,-55.81121000
3.81622314,-54.48705000
3.81774902,-54.71102000
3.81927490,-58.96989000
3.82080078,-68.52542000
3.82232666,-64.27162000
3.82385254,-61.14073000
3.82537842,-58.72927000
3.82690430,-56.58885000
3.82843018,-55.73792000
3.82995605,-55.76918000
3.83148193,-56.34455000
3.83300781,-57.68780000
3.83453369,-59.06683000
3.83605957,-59.68816000
3.83758545,-61.07204000
3.83911133,-62.74797000
3.84063721,-66.42175000
3.84216309,-70.44975000
3.84368896,-62.28682000
3.84521484,-60.01749000
3.84674072,-61.30443000
3.84826660,-63.75167000
3.84979248,-63.87084000
3.85131836,-64.87037000
3.85284424,-62.67494000
3.85437012,-58.76549000
3.85589600,-57.47361000
3.85742188,-59.20373000
3.85894775,-63.70475000
3.86047363,-61.82876000
3.86199951,-62.70190000
3.86352539,-65.25420000
3.86505127,-65.53394000
3.86657715,-68.75208000
3.86810303,-63.36031000
3.86962891,-61.82956000
3.87115479,-66.32121000
3.87268066,-62.53401000
3.87420654,-62.92351000
3.87573242,-71.60725000
3.87725830,-66.98935000
3.87878418,-62.13487000
3.88031006,-60.52728000
3.88183594,-65.04909000
3.88336182,-65.26855000
3.88488770,-62.00368000
3.88641357,-62.81182000
3.88793945,-66.59358000
3.88946533,-75.55632000
3.89099121,-71.51809000
3.89251709,-72.89361000
3.89404297,-75.71231000
3.89556885,-73.58924000
3.89709473,-66.02697000
3.89862061,-61.58208000
3.90014648,-58.30598000
3.90167236,-56.18648000
3.90319824,-56.65062000
3.90472412,-56.55226000
3.90625000,-56.95139000
3.90777588,-61.06256000
3.90930176,-72.19205000
3.91082764,-63.12204000
3.91235352,-58.49026000
3.91387939,-60.71481000
3.91540527,-72.26218000
3.91693115,-61.85104000
3.91845703,-59.77326000
3.91998291,-65.16590000
3.92150879,-75.56483000
3.92303467,-64.74895000
3.92456055,-65.87457000
3.92608643,-74.03595000
3.92761230,-66.77633000
3.92913818,-62.47688000
3.93066406,-60.61964000
3.93218994,-60.14651000
3.93371582,-61.47999000
3.93524170,-65.60774000
3.93676758,-63.43299000
3.93829346,-61.68137000
3.93981934,-63.77715000
3.94134521,-59.20949000
3.94287109,-58.24166000
3.94439697,-64.11962000
3.94592285,-63.37111000
3.94744873,-64.57120000
3.94897461,-71.13873000
3.95050049,-62.50320000
3.95202637,-63.96712000
3.95355225,-69.70349000
3.95507813,-62.66460000
3.95660400,-59.00911000
3.95812988,-57.12729000
3.95965576,-58.55875000
3.96118164,-66.19748000
3.96270752,-63.21930000
3.96423340,-59.68021000
3.96575928,-59.77661000
3.96728516,-63.22728000
3.96881104,-78.31184000
3.97033691,-62.58010000
3.97186279,-61.03789000
3.97338867,-61.71252000
3.97491455,-64.11623000
3.97644043,-64.17329000
3.97796631,-61.42031000
3.97949219,-59.68185000
3.98101807,-61.28327000
3.98254395,-70.59656000
3.98406982,-69.77661000
3.98559570,-63.12666000
3.98712158,-62.70729000
3.98864746,-65.31998000
3.99017334,-66.22476000
3.99169922,-62.19844000
3.99322510,-59.02034000
3.99475098,-58.90882000
3.99627686,-61.77322000
3.99780273,-66.81693000
3.99932861,-70.69215000
4.00085449,-66.86721000
4.00238037,-66.47850000
4.00390625,-69.61294000
4.00543213,-63.15889000
4.00695801,-63.43141000
4.00848389,-63.38403000
4.01000977,-67.80092000
4.01153564,-75.23264000
4.01306152,-64.89890000
4.01458740,-62.50091000
4.01611328,-61.01220000
4.01763916,-61.70097000
4.01916504,-66.08231000
4.02069092,-77.05096000
4.02221680,-71.40504000
4.02374268,-70.76119000
4.02526855,-64.38353000
4.02679443,-59.86565000
4.02832031,-60.32997000
4.02984619,-64.44077000
4.03137207,-71.55512000
4.03289795,-82.72166000
4.03442383,-68.79648000
4.03594971,-61.72662000
4.03747559,-61.74439000
4.03900146,-66.79747000
4.04052734,-67.79216000
4.04205322,-64.80025000
4.04357910,-67.25429000
4.04510498,-65.85258000
4.04663086,-60.89651000
4.04815674,-62.50162000
4.04968262,-65.12061000
4.05120850,-64.13460000
4.05273438,-68.94358000
4.05426025,-78.28383000
4.05578613,-73.79673000
4.05731201,-59.96346000
4.05883789,-55.46766000
4.06036377,-54.62070000
4.06188965,-54.89713000
4.06341553,-55.01914000
4.06494141,-56.58789000
4.06646729,-61.54438000
4.06799316,-73.28276000
4.06951904,-71.38948000
4.07104492,-65.66351000
4.07257080,-66.70638000
4.07409668,-68.33238000
4.07562256,-67.58084000
4.07714844,-66.22507000
4.07867432,-65.18704000
4.08020020,-64.52483000
4.08172607,-64.04028000
4.08325195,-64.73030000
4.08477783,-66.86816000
4.08630371,-69.08911000
4.08782959,-67.47115000
4.08935547,-63.01274000
4.09088135,-61.24363000
4.09240723,-65.25404000
4.09393311,-69.04179000
4.09545898,-58.73657000
4.09698486,-55.82361000
4.09851074,-54.96834000
4.10003662,-55.21225000
4.10156250,-57.56059000
4.10308838,-64.14338000
4.10461426,-74.08453000
4.10614014,-71.41328000
4.10766602,-78.79037000
4.10919189,-74.02861000
4.11071777,-73.87805000
4.11224365,-82.43289000
4.11376953,-70.83507000
4.11529541,-63.70403000
4.11682129,-61.90973000
4.11834717,-66.34910000
4.11987305,-85.85746000
4.12139893,-73.53564000
4.12292480,-65.64140000
4.12445068,-57.44629000
4.12597656,-55.39359000
4.12750244,-57.24861000
4.12902832,-61.84886000
4.13055420,-63.74951000
4.13208008,-60.29001000
4.13360596,-57.10110000
4.13513184,-56.74718000
4.13665771,-60.09593000
4.13818359,-67.89466000
4.13970947,-68.91811000
4.14123535,-69.00790000
4.14276123,-70.87856000
4.14428711,-65.43632000
4.14581299,-61.22337000
4.14733887,-58.72396000
4.14886475,-57.60653000
4.15039063,-58.55995000
4.15191650,-62.20574000
4.15344238,-63.77272000
4.15496826,-60.56292000
4.15649414,-57.97108000
4.15802002,-60.08482000
4.15954590,-65.48483000
4.16107178,-65.23612000
4.16259766,-74.06548000
4.16412354,-62.88561000
4.16564941,-58.63662000
4.16717529,-60.12589000
4.16870117,-65.57963000
4.17022705,-66.77978000
4.17175293,-58.53461000
4.17327881,-55.76355000
4.17480469,-57.74256000
4.17633057,-64.64139000
4.17785645,-63.31291000
4.17938232,-61.50257000
4.18090820,-62.55588000
4.18243408,-63.55275000
4.18395996,-63.80135000
4.18548584,-65.53983000
4.18701172,-68.49119000
4.18853760,-66.68950000
4.19006348,-64.35374000
4.19158936,-66.25307000
4.19311523,-63.52171000
4.19464111,-63.56095000
4.19616699,-73.52761000
4.19769287,-65.40780000
4.19921875,-60.61657000
4.20074463,-61.88965000
4.20227051,-68.47530000
4.20379639,-89.66022000
4.20532227,-69.54308000
4.20684814,-60.77691000
4.20837402,-58.47700000
4.20989990,-62.74211000
4.21142578,-71.46965000
4.21295166,-64.26186000
4.21447754,-56.75731000
4.21600342,-53.63717000
4.21752930,-54.22180000
4.21905518,-57.93608000
4.22058105,-64.56013000
4.22210693,-83.05566000
4.22363281,-68.61179000
4.22515869,-65.56494000
4.22668457,-66.88454000
4.22821045,-65.60882000
4.22973633,-61.25175000
4.23126221,-57.76203000
4.23278809,-56.56952000
4.23431396,-57.85204000
4.23583984,-61.10857000
4.23736572,-66.63792000
4.23889160,-85.32825000
4.24041748,-65.70885000
4.24194336,-66.41539000
4.24346924,-74.30920000
4.24499512,-68.10802000
4.24652100,-62.15209000
4.24804688,-64.06584000
4.24957275,-69.57270000
4.25109863,-58.54995000
4.25262451,-55.88347000
4.25415039,-55.63683000
4.25567627,-56.33411000
4.25720215,-58.19601000
4.25872803,-61.17475000
4.26025391,-61.61912000
4.26177979,-60.03648000
4.26330566,-60.44634000
4.26483154,-64.44444000
4.26635742,-74.79544000
4.26788330,-68.80065000
4.26940918,-69.07976000
4.27093506,-61.43862000
4.27246094,-56.71237000
4.27398682,-57.35984000
4.27551270,-60.09359000
4.27703857,-58.58318000
4.27856445,-58.12081000
4.28009033,-62.48719000
4.28161621,-66.20086000
4.28314209,-63.13123000
4.28466797,-62.96473000
4.28619385,-65.43258000
4.28771973,-65.93875000
4.28924561,-61.64144000
4.29077148,-61.76078000
4.29229736,-67.39547000
4.29382324,-66.43924000
4.29534912,-65.29948000
4.29687500,-78.09805000
4.29840088,-65.66094000
4.29992676,-59.78308000
4.30145264,-57.55340000
4.30297852,-58.58638000
4.30450439,-63.57227000
4.30603027,-74.59778000
4.30755615,-79.80151000
4.30908203,-72.56011000
4.31060791,-67.47625000
4.31213379,-64.73097000
4.31365967,-67.75328000
4.31518555,-76.02444000
4.31671143,-69.18601000
4.31823730,-66.29383000
4.31976318,-62.81254000
4.32128906,-61.32486000
4.32281494,-61.19361000
4.32434082,-59.97144000
4.32586670,-59.77620000
4.32739258,-59.79866000
4.32891846,-58.42724000
4.33044434,-59.21887000
4.33197021,-70.93102000
4.33349609,-62.94337000
4.33502197,-61.41929000
4.33654785,-67.75397000
4.33807373,-66.36701000
4.33959961,-59.17894000
4.34112549,-57.24717000
4.34265137,-59.46091000
4.34417725,-63.10920000
4.34570313,-63.94213000
4.34722900,-68.49098000
4.34875488,-67.60842000
4.35028076,-59.91295000
4.35180664,-59.08299000
4.35333252,-57.94550000
4.35485840,-57.08095000
4.35638428,-59.23016000
4.35791016,-62.53189000
4.35943604,-64.82615000
4.36096191,-74.87570000
4.36248779,-65.39007000
4.36401367,-59.94553000
4.36553955,-61.17165000
4.36706543,-72.17210000
4.36859131,-67.20645000
4.37011719,-59.55155000
4.37164307,-57.37900000
4.37316895,-59.09645000
4.37469482,-63.06799000
4.37622070,-64.56957000
4.37774658,-66.31335000
4.37927246,-61.67345000
4.38079834,-59.45990000
4.38232422,-61.71054000
4.38385010,-67.94702000
4.38537598,-68.30980000
4.38690186,-64.10000000
4.38842773,-64.16532000
4.38995361,-64.04678000
4.39147949,-63.36126000
4.39300537,-62.37923000
4.39453125,-61.45450000
4.39605713,-60.80741000
4.39758301,-60.92126000
4.39910889,-62.77460000
4.40063477,-65.63036000
4.40216064,-69.17149000
4.40368652,-67.92720000
4.40521240,-65.13461000
4.40673828,-63.06492000
4.40826416,-60.72911000
4.40979004,-60.58551000
4.41131592,-64.54006000
4.41284180,-65.95952000
4.41436768,-61.01717000
4.41589355,-57.84219000
4.41741943,-56.29277000
4.41894531,-56.61214000
4.42047119,-59.48168000
4.42199707,-63.29137000
4.42352295,-63.45420000
4.42504883,-63.42556000
4.42657471,-63.81084000
4.42810059,-65.46243000
4.42962646,-65.53649000
4.43115234,-72.01093000
4.43267822,-67.50070000
4.43420410,-59.91861000
4.43572998,-58.43565000
4.43725586,-59.80795000
4.43878174,-62.96687000
4.44030762,-61.14238000
4.44183350,-59.83638000
4.44335938,-61.14590000
4.44488525,-62.37410000
4.44641113,-65.53349000
4.44793701,-75.53183000
4.44946289,-64.33554000
4.45098877,-68.06286000
4.45251465,-64.86797000
4.45404053,-66.43613000
4.45556641,-70.33044000
4.45709229,-74.71668000
4.45861816,-68.47062000
4.46014404,-63.09324000
4.46166992,-62.18941000
4.46319580,-60.48708000
4.46472168,-56.94738000
4.46624756,-56.77092000
4.46777344,-57.55654000
4.46929932,-56.76382000
4.47082520,-55.57037000
4.47235107,-55.77602000
4.47387695,-57.77118000
4.47540283,-62.64420000
4.47692871,-71.14588000
4.47845459,-66.60953000
4.47998047,-62.52013000
4.48150635,-62.84350000
4.48303223,-65.52779000
4.48455811,-65.25544000
4.48608398,-63.80357000
4.48760986,-63.10690000
4.48913574,-67.68288000
4.49066162,-82.36042000
4.49218750,-65.98209000
4.49371338,-61.18709000
4.49523926,-58.33701000
4.49676514,-58.37733000
4.49829102,-60.82748000
4.49981689,-63.75686000
4.50134277,-69.58321000
4.50286865,-66.38387000
4.50439453,-63.99434000
4.50592041,-61.98042000
4.50744629,-59.63663000
4.50897217,-59.58225000
4.51049805,-62.31121000
4.51202393,-62.93898000
4.51354980,-61.93948000
4.51507568,-66.65735000
4.51660156,-66.13765000
4.51812744,-62.83775000
4.51965332,-66.89508000
4.52117920,-75.19690000
4.52270508,-76.22847000
4.52423096,-70.31635000
4.52575684,-90.12439000
4.52728271,-66.95663000
4.52880859,-62.05473000
4.53033447,-61.07874000
4.53186035,-61.59772000
4.53338623,-63.40686000
4.53491211,-62.96075000
4.53643799,-60.68661000
4.53796387,-60.51670000
4.53948975,-62.49645000
4.54101563,-66.89234000
4.54254150,-65.68185000
4.54406738,-59.86469000
4.54559326,-58.79642000
4.54711914,-61.62026000
4.54864502,-70.60925000
4.55017090,-77.31670000
4.55169678,-72.30233000
4.55322266,-67.26258000
4.55474854,-61.53468000
4.55627441,-59.35773000
4.55780029,-59.36201000
4.55932617,-60.42258000
4.56085205,-61.07929000
4.56237793,-59.80373000
4.56390381,-58.89904000
4.56542969,-57.79257000
4.56695557,-56.88277000
4.56848145,-57.69312000
4.57000732,-60.72681000
4.57153320,-64.27505000
4.57305908,-67.39415000
4.57458496,-64.90209000
4.57611084,-59.83183000
4.57763672,-58.92121000
4.57916260,-60.91719000
4.58068848,-62.92160000
4.58221436,-61.96586000
4.58374023,-59.91839000
4.58526611,-64.58892000
4.58679199,-63.24379000
4.58831787,-55.04240000
4.58984375,-53.89941000
4.59136963,-54.98493000
4.59289551,-57.12422000
4.59442139,-63.28676000
4.59594727,-74.92046000
4.59747314,-60.96357000
4.59899902,-58.28516000
4.60052490,-59.96239000
4.60205078,-66.77780000
4.60357666,-80.58044000
4.60510254,-69.67406000
4.60662842,-63.60377000
4.60815430,-64.81271000
4.60968018,-70.19589000
4.61120605,-61.69460000
4.61273193,-60.82879000
4.61425781,-64.71463000
4.61578369,-68.49921000
4.61730957,-64.92184000
4.61883545,-61.09199000
4.62036133,-59.63216000
4.62188721,-60.12105000
4.62341309,-60.43467000
4.62493896,-60.12054000
4.62646484,-59.12298000
4.62799072,-56.72653000
4.62951660,-55.18796000
4.63104248,-57.20638000
4.63256836,-65.62347000
4.63409424,-67.60696000
4.63562012,-60.47272000
4.63714600,-59.41170000
4.63867188,-60.57949000
4.64019775,-61.79149000
4.64172363,-62.78582000
4.64324951,-64.17336000
4.64477539,-68.04756000
4.64630127,-66.56745000
4.64782715,-60.46713000
4.64935303,-58.29072000
4.65087891,-57.69896000
4.65240479,-59.03761000
4.65393066,-63.09199000
4.65545654,-68.15569000
4.65698242,-74.54090000
4.65850830,-73.82591000
4.66003418,-68.03692000
4.66156006,-66.57404000
4.66308594,-60.70107000
4.66461182,-58.05490000
4.66613770,-56.98376000
4.66766357,-58.02551000
4.66918945,-65.50279000
4.67071533,-62.49701000
4.67224121,-62.19165000
4.67376709,-62.28383000
4.67529297,-60.13077000
4.67681885,-62.32259000
4.67834473,-72.41113000
4.67987061,-72.63553000
4.68139648,-69.70090000
4.68292236,-73.32483000
4.68444824,-76.46674000
4.68597412,-70.82878000
4.68750000,-60.26584000
4.68902588,-56.74107000
4.69055176,-57.45381000
4.69207764,-60.29579000
4.69360352,-60.54666000
4.69512939,-60.31509000
4.69665527,-62.67276000
4.69818115,-61.12600000
4.69970703,-59.57418000
4.70123291,-60.24287000
4.70275879,-60.46860000
4.70428467,-59.03967000
4.70581055,-59.89339000
4.70733643,-68.57394000
4.70886230,-68.69599000
4.71038818,-76.62340000
4.71191406,-66.93099000
4.71343994,-63.97186000
4.71496582,-60.92765000
4.71649170,-57.85360000
4.71801758,-58.00491000
4.71954346,-60.36413000
4.72106934,-65.63632000
4.72259521,-71.26872000
4.72412109,-64.36868000
4.72564697,-61.06319000
4.72717285,-62.49235000
4.72869873,-64.79472000
4.73022461,-60.38641000
4.73175049,-57.86811000
4.73327637,-60.48359000
4.73480225,-67.29822000
4.73632813,-69.46137000
4.73785400,-73.33106000
4.73937988,-69.81456000
4.74090576,-68.61459000
4.74243164,-66.18472000
4.74395752,-68.88200000
4.74548340,-77.09976000
4.74700928,-69.88372000
4.74853516,-62.86855000
4.75006104,-60.34987000
4.75158691,-61.99715000
4.75311279,-63.23700000
4.75463867,-63.86919000
4.75616455,-69.44131000
4.75769043,-61.11141000
4.75921631,-58.25255000
4.76074219,-60.98421000
4.76226807,-73.79880000
4.76379395,-73.35823000
4.76531982,-68.69872000
4.76684570,-61.37390000
4.76837158,-61.32009000
4.76989746,-68.24291000
4.77142334,-64.07919000
4.77294922,-59.34153000
4.77447510,-60.72007000
4.77600098,-65.57082000
4.77752686,-64.60153000
4.77905273,-60.11292000
4.78057861,-57.84631000
4.78210449,-58.29658000
4.78363037,-60.21633000
4.78515625,-60.90778000
4.78668213,-60.04593000
4.78820801,-61.48027000
4.78973389,-67.13831000
4.79125977,-62.22877000
4.79278564,-60.60712000
4.79431152,-69.78719000
4.79583740,-66.05603000
4.79736328,-63.62694000
4.79888916,-67.15837000
4.80041504,-63.56514000
4.80194092,-66.70771000
4.80346680,-68.77560000
4.80499268,-63.75883000
4.80651855,-63.55052000
4.80804443,-65.19904000
4.80957031,-65.02299000
4.81109619,-62.35829000
4.81262207,-63.45965000
4.81414795,-74.81481000
4.81567383,-64.29952000
4.81719971,-62.52367000
4.81872559,-60.38731000
4.82025146,-58.73000000
4.82177734,-61.42888000
4.82330322,-63.49881000
4.82482910,-60.35855000
4.82635498,-58.13464000
4.82788086,-56.82098000
4.82940674,-57.43332000
4.83093262,-61.37607000
4.83245850,-75.81974000
4.83398438,-68.45004000
4.83551025,-68.89819000
4.83703613,-66.58753000
4.83856201,-66.53047000
4.84008789,-57.68961000
4.84161377,-54.02903000
4.84313965,-54.40641000
4.84466553,-57.94868000
4.84619141,-60.55662000
4.84771729,-59.37843000
4.84924316,-64.68285000
4.85076904,-73.65442000
4.85229492,-64.48398000
4.85382080,-64.89283000
4.85534668,-70.00561000
4.85687256,-71.90842000
4.85839844,-64.58087000
4.85992432,-62.12763000
4.86145020,-61.03814000
4.86297607,-63.28328000
4.86450195,-72.05057000
4.86602783,-71.37369000
4.86755371,-69.64731000
4.86907959,-63.79882000
4.87060547,-63.37862000
4.87213135,-69.72541000
4.87365723,-83.99361000
4.87518311,-78.92760000
4.87670898,-74.18071000
4.87823486,-66.52884000
4.87976074,-66.83268000
4.88128662,-66.01466000
4.88281250,-65.33962000
4.88433838,-64.68356000
4.88586426,-64.95729000
4.88739014,-66.23933000
4.88891602,-63.76154000
4.89044189,-61.83271000
4.89196777,-66.72832000
4.89349365,-66.73102000
4.89501953,-59.47358000
4.89654541,-59.46948000
4.89807129,-62.20119000
4.89959717,-61.10877000
4.90112305,-61.33526000
4.90264893,-66.06722000
4.90417480,-74.13733000
4.90570068,-71.07387000
4.90722656,-64.87613000
4.90875244,-65.68843000
4.91027832,-85.68587000
4.91180420,-66.45086000
4.91333008,-66.31256000
4.91485596,-69.70947000
4.91638184,-66.71234000
4.91790771,-61.06775000
4.91943359,-59.26604000
4.92095947,-59.96578000
4.92248535,-61.52935000
4.92401123,-62.72482000
4.92553711,-65.09811000
4.92706299,-63.57781000
4.92858887,-56.84765000
4.93011475,-56.86483000
4.93164063,-63.11371000
4.93316650,-63.98969000
4.93469238,-60.63572000
4.93621826,-59.89011000
4.93774414,-62.17725000
4.93927002,-67.53737000
4.94079590,-65.76405000
4.94232178,-62.88516000
4.94384766,-62.74728000
4.94537354,-66.05832000
4.94689941,-70.87905000
4.94842529,-61.17016000
4.94995117,-58.34519000
4.95147705,-59.58038000
4.95300293,-60.68613000
4.95452881,-61.78367000
4.95605469,-64.81607000
4.95758057,-71.09105000
4.95910645,-66.68001000
4.96063232,-59.34409000
4.96215820,-56.99950000
4.96368408,-58.08659000
4.96520996,-59.07290000
4.96673584,-60.19817000
4.96826172,-69.47208000
4.96978760,-66.55942000
4.97131348,-62.18676000
4.97283936,-65.48434000
4.97436523,-72.50407000
4.97589111,-62.88640000
4.97741699,-60.81120000
4.97894287,-63.69711000
4.98046875,-68.35397000
4.98199463,-61.04090000
4.98352051,-58.68282000
4.98504639,-58.80684000
4.98657227,-59.52322000
4.98809814,-57.62405000
4.98962402,-55.43909000
4.99114990,-56.50726000
4.99267578,-61.75309000
4.99420166,-58.28178000
4.99572754,-54.93932000
4.99725342,-57.81498000
4.99877930,-74.25418000
5.00030518,-63.07500000
5.00183105,-59.01047000
5.00335693,-59.41008000
5.00488281,-64.06985000
5.00640869,-61.25033000
5.00793457,-57.60323000
5.00946045,-59.24543000
5.01098633,-64.49868000
5.01251221,-68.05398000
5.01403809,-66.81930000
5.01556396,-65.94609000
5.01708984,-61.17453000
5.01861572,-59.04443000
5.02014160,-62.56983000
5.02166748,-67.23472000
5.02319336,-65.18686000
5.02471924,-62.78305000
5.02624512,-60.68032000
5.02777100,-60.56062000
5.02929688,-61.01469000
5.03082275,-65.08941000
5.03234863,-67.91194000
5.03387451,-58.16383000
5.03540039,-56.65960000
5.03692627,-58.12969000
5.03845215,-59.20876000
5.03997803,-60.70294000
5.04150391,-66.04259000
5.04302979,-69.94824000
5.04455566,-70.68259000
5.04608154,-72.57949000
5.04760742,-65.47654000
5.04913330,-64.08900000
5.05065918,-64.53353000
5.05218506,-63.44286000
5.05371094,-63.12753000
5.05523682,-66.54555000
5.05676270,-74.12254000
5.05828857,-75.27909000
5.05981445,-70.91585000
5.06134033,-66.06612000
5.06286621,-63.17682000
5.06439209,-59.97708000
5.06591797,-55.99331000
5.06744385,-53.69275000
5.06896973,-53.51503000
5.07049561,-56.84291000
5.07202148,-71.70623000
5.07354736,-63.25098000
5.07507324,-61.97634000
5.07659912,-65.52658000
5.07812500,-63.78735000
5.07965088,-63.65450000
5.08117676,-62.59054000
5.08270264,-60.11576000
5.08422852,-60.43077000
5.08575439,-66.38457000
5.08728027,-64.88391000
5.08880615,-58.46656000
5.09033203,-57.04494000
5.09185791,-58.85812000
5.09338379,-65.03862000
5.09490967,-73.60986000
5.09643555,-64.92749000
5.09796143,-63.17609000
5.09948730,-67.41031000
5.10101318,-66.15295000
5.10253906,-65.97804000
5.10406494,-88.82074000
5.10559082,-68.24014000
5.10711670,-65.97964000
5.10864258,-67.77421000
5.11016846,-69.23842000
5.11169434,-73.18456000
5.11322021,-71.27378000
5.11474609,-64.59796000
5.11627197,-63.12066000
5.11779785,-61.91457000
5.11932373,-61.39273000
5.12084961,-60.53949000
5.12237549,-59.06229000
5.12390137,-59.99379000
5.12542725,-64.38150000
5.12695313,-66.08008000
5.12847900,-62.57259000
5.13000488,-56.43876000
5.13153076,-54.84040000
5.13305664,-56.50710000
5.13458252,-59.94482000
5.13610840,-63.64478000
5.13763428,-63.63577000
5.13916016,-60.75983000
5.14068604,-59.54190000
5.14221191,-58.97655000
5.14373779,-57.05380000
5.14526367,-57.15396000
5.14678955,-61.99623000
5.14831543,-69.46183000
5.14984131,-72.53504000
5.15136719,-60.81037000
5.15289307,-59.34608000
5.15441895,-63.79396000
5.15594482,-68.48004000
5.15747070,-68.53378000
5.15899658,-74.97001000
5.16052246,-65.93598000
5.16204834,-63.06107000
5.16357422,-64.89511000
5.16510010,-65.15555000
5.16662598,-63.60001000
5.16815186,-65.97469000
5.16967773,-69.38055000
5.17120361,-64.25014000
5.17272949,-62.62148000
5.17425537,-65.20203000
5.17578125,-81.15968000
5.17730713,-67.03976000
5.17883301,-63.64713000
5.18035889,-60.82329000
5.18188477,-55.95331000
5.18341064,-52.85769000
5.18493652,-52.59336000
5.18646240,-54.62854000
5.18798828,-56.75412000
5.18951416,-56.99295000
5.19104004,-58.18930000
5.19256592,-61.18449000
5.19409180,-63.19278000
5.19561768,-61.93223000
5.19714355,-60.23039000
5.19866943,-60.75496000
5.20019531,-61.26641000
5.20172119,-65.64332000
5.20324707,-64.59157000
5.20477295,-59.46726000
5.20629883,-58.68571000
5.20782471,-57.82347000
5.20935059,-55.16872000
5.21087646,-54.14281000
5.21240234,-55.82792000
5.21392822,-57.62836000
5.21545410,-57.52982000
5.21697998,-60.37666000
5.21850586,-73.10309000
5.22003174,-60.33697000
5.22155762,-55.21275000
5.22308350,-54.15684000
5.22460938,-56.09601000
5.22613525,-58.42352000
5.22766113,-59.59549000
5.22918701,-63.28954000
5.23071289,-75.64618000
5.23223877,-62.50195000
5.23376465,-57.52210000
5.23529053,-56.48156000
5.23681641,-57.69433000
5.23834229,-62.68098000
5.23986816,-69.31912000
5.24139404,-62.28737000
5.24291992,-58.80545000
5.24444580,-60.28213000
5.24597168,-64.47239000
5.24749756,-61.42532000
5.24902344,-62.17395000
5.25054932,-66.68053000
5.25207520,-75.50540000
5.25360107,-66.42485000
5.25512695,-65.09351000
5.25665283,-71.80112000
5.25817871,-59.57672000
5.25970459,-54.55214000
5.26123047,-53.16700000
5.26275635,-55.02420000
5.26428223,-62.18945000
5.26580811,-64.06318000
5.26733398,-57.75724000
5.26885986,-55.49778000
5.27038574,-56.47713000
5.27191162,-63.44952000
5.27343750,-65.08796000
5.27496338,-61.21794000
5.27648926,-64.82833000
5.27801514,-70.62342000
5.27954102,-61.49659000
5.28106689,-60.21872000
5.28259277,-60.43787000
5.28411865,-57.10184000
5.28564453,-54.96563000
5.28717041,-55.17338000
5.28869629,-57.06593000
5.29022217,-58.90187000
5.29174805,-59.70999000
5.29327393,-59.77653000
5.29479980,-62.03869000
5.29632568,-69.42107000
5.29785156,-67.05849000
5.29937744,-64.47392000
5.30090332,-63.45319000
5.30242920,-64.18926000
5.30395508,-62.14869000
5.30548096,-61.64768000
5.30700684,-62.89014000
5.30853271,-64.05204000
5.31005859,-67.43365000
5.31158447,-65.02531000
5.31311035,-57.09844000
5.31463623,-56.87598000
5.31616211,-62.71191000
5.31768799,-78.22165000
5.31921387,-64.04328000
5.32073975,-63.08507000
5.32226563,-65.98180000
5.32379150,-73.23812000
5.32531738,-70.53439000
5.32684326,-66.65810000
5.32836914,-63.77172000
5.32989502,-61.50942000
5.33142090,-62.95686000
5.33294678,-68.37483000
5.33447266,-83.08826000
5.33599854,-68.93564000
5.33752441,-61.37803000
5.33905029,-56.42181000
5.34057617,-55.71492000
5.34210205,-58.45280000
5.34362793,-64.57098000
5.34515381,-85.19523000
5.34667969,-69.21078000
5.34820557,-64.47649000
5.34973145,-65.52439000
5.35125732,-67.70318000
5.35278320,-70.76430000
5.35430908,-69.65742000
5.35583496,-70.52380000
5.35736084,-76.01192000
5.35888672,-69.45865000
5.36041260,-61.86333000
5.36193848,-58.14190000
5.36346436,-59.55679000
5.36499023,-64.27817000
5.36651611,-66.18830000
5.36804199,-65.57776000
5.36956787,-64.91859000
5.37109375,-64.01748000
5.37261963,-63.19479000
5.37414551,-62.03656000
5.37567139,-65.53164000
5.37719727,-79.11729000
5.37872314,-68.34741000
5.38024902,-66.96748000
5.38177490,-64.79866000
5.38330078,-66.14715000
5.38482666,-69.85088000
5.38635254,-67.48381000
5.38787842,-62.45030000
5.38940430,-58.97278000
5.39093018,-57.23270000
5.39245605,-58.52478000
5.39398193,-64.13560000
5.39550781,-75.57273000
5.39703369,-60.55473000
5.39855957,-56.01620000
5.40008545,-55.61800000
5.40161133,-57.42318000
5.40313721,-61.74372000
5.40466309,-72.46654000
5.40618896,-64.13991000
5.40771484,-60.89333000
5.40924072,-63.99698000
5.41076660,-73.67746000
5.41229248,-81.33481000
5.41381836,-82.26363000
5.41534424,-65.62283000
5.41687012,-58.74607000
5.41839600,-57.58093000
5.41992188,-60.34649000
5.42144775,-64.38461000
5.42297363,-63.19219000
5.42449951,-60.76665000
5.42602539,-60.53033000
5.42755127,-61.52847000
5.42907715,-59.60073000
5.43060303,-59.27898000
5.43212891,-63.53964000
5.43365479,-67.09907000
5.43518066,-60.41341000
5.43670654,-59.04191000
5.43823242,-62.32743000
5.43975830,-65.33629000
5.44128418,-65.08567000
5.44281006,-67.17555000
5.44433594,-65.55467000
5.44586182,-64.62406000
5.44738770,-62.32262000
5.44891357,-59.47972000
5.45043945,-58.97778000
5.45196533,-63.03506000
5.45349121,-64.22345000
5.45501709,-60.78865000
5.45654297,-64.98522000
5.45806885,-67.60774000
5.45959473,-60.72060000
5.46112061,-60.95320000
5.46264648,-63.46235000
5.46417236,-63.41530000
5.46569824,-62.52384000
5.46722412,-62.93270000
5.46875000,-61.36769000
5.47027588,-61.97282000
5.47180176,-70.32689000
5.47332764,-69.73085000
5.47485352,-64.60226000
5.47637939,-66.43217000
5.47790527,-71.10574000
5.47943115,-77.46886000
5.48095703,-69.07979000
5.48248291,-62.78779000
5.48400879,-63.65638000
5.48553467,-76.06344000
5.48706055,-68.35867000
5.48858643,-63.23162000
5.49011230,-63.13657000
5.49163818,-65.91088000
5.49316406,-69.83173000
5.49468994,-74.14014000
5.49621582,-70.10136000
5.49774170,-63.93774000
5.49926758,-59.86479000
5.50079346,-57.02122000
5.50231934,-55.91985000
5.50384521,-56.82161000
5.50537109,-62.37880000
5.50689697,-75.58714000
5.50842285,-63.89395000
5.50994873,-66.45078000
5.51147461,-73.55328000
5.51300049,-70.56021000
5.51452637,-68.80114000
5.51605225,-68.43392000
5.51757813,-67.15440000
5.51910400,-62.74027000
5.52062988,-60.16586000
5.52215576,-63.41334000
5.52368164,-95.11970000
5.52520752,-65.47652000
5.52673340,-62.17141000
5.52825928,-59.88406000
5.52978516,-58.37503000
5.53131104,-59.47314000
5.53283691,-65.82093000
5.53436279,-67.96020000
5.53588867,-64.39581000
5.53741455,-68.90343000
5.53894043,-64.35809000
5.54046631,-65.66068000
5.54199219,-79.73612000
5.54351807,-64.35043000
5.54504395,-62.22573000
5.54656982,-62.15213000
5.54809570,-62.79076000
5.54962158,-61.64635000
5.55114746,-59.05754000
5.55267334,-57.75008000
5.55419922,-59.04683000
5.55572510,-63.82074000
5.55725098,-70.54966000
5.55877686,-74.62392000
5.56030273,-78.33516000
5.56182861,-79.51691000
5.56335449,-69.94464000
5.56488037,-72.45496000
5.56640625,-69.05352000
5.56793213,-64.84299000
5.56945801,-66.13996000
5.57098389,-71.02571000
5.57250977,-70.20368000
5.57403564,-65.79025000
5.57556152,-64.53581000
5.57708740,-63.39174000
5.57861328,-65.08572000
5.58013916,-70.76286000
5.58166504,-71.46162000
5.58319092,-74.51042000
5.58471680,-77.10577000
5.58624268,-70.06503000
5.58776855,-62.56247000
5.58929443,-59.08968000
5.59082031,-58.70927000
5.59234619,-63.20336000
5.59387207,-66.99416000
5.59539795,-65.54933000
5.59692383,-64.41688000
5.59844971,-66.92771000
5.59997559,-70.52341000
5.60150146,-64.50970000
5.60302734,-67.52683000
5.60455322,-70.68112000
5.60607910,-65.62335000
5.60760498,-66.83997000
5.60913086,-68.76984000
5.61065674,-66.23582000
5.61218262,-61.06799000
5.61370850,-60.43404000
5.61523438,-67.95403000
5.61676025,-65.22659000
5.61828613,-59.78977000
5.61981201,-61.77995000
5.62133789,-66.69958000
5.62286377,-67.38898000
5.62438965,-66.32905000
5.62591553,-71.28918000
5.62744141,-69.26108000
5.62896729,-62.30373000
5.63049316,-64.61813000
5.63201904,-68.29153000
5.63354492,-61.11641000
5.63507080,-56.08096000
5.63659668,-53.29562000
5.63812256,-54.02896000
5.63964844,-59.96477000
5.64117432,-74.66090000
5.64270020,-74.95506000
5.64422607,-68.33076000
5.64575195,-59.31968000
5.64727783,-57.90514000
5.64880371,-64.33785000
5.65032959,-59.82916000
5.65185547,-54.04564000
5.65338135,-53.37427000
5.65490723,-55.68671000
5.65643311,-60.60254000
5.65795898,-69.80017000
5.65948486,-66.15498000
5.66101074,-63.35609000
5.66253662,-63.73598000
5.66406250,-75.21309000
5.66558838,-60.13165000
5.66711426,-55.30857000
5.66864014,-55.90070000
5.67016602,-59.14135000
5.67169189,-64.53513000
5.67321777,-73.62235000
5.67474365,-79.35690000
5.67626953,-68.74725000
5.67779541,-64.64980000
5.67932129,-64.66364000
5.68084717,-67.38492000
5.68237305,-74.54636000
5.68389893,-64.08906000
5.68542480,-61.43532000
5.68695068,-62.72862000
5.68847656,-65.39539000
5.69000244,-61.44640000
5.69152832,-60.92622000
5.69305420,-65.65766000
5.69458008,-68.37218000
5.69610596,-72.35381000
5.69763184,-67.52032000
5.69915771,-58.18616000
5.70068359,-57.29393000
5.70220947,-62.90828000
5.70373535,-67.44882000
5.70526123,-65.35928000
5.70678711,-68.89528000
5.70831299,-67.38677000
5.70983887,-74.29868000
5.71136475,-63.66376000
5.71289063,-58.24812000
5.71441650,-59.55343000
5.71594238,-68.14676000
5.71746826,-62.24475000
5.71899414,-58.25844000
5.72052002,-59.47994000
5.72204590,-64.58974000
5.72357178,-64.45309000
5.72509766,-61.25990000
5.72662354,-59.64938000
5.72814941,-57.95346000
5.72967529,-57.10328000
5.73120117,-58.89482000
5.73272705,-62.80443000
5.73425293,-70.79166000
5.73577881,-67.42698000
5.73730469,-57.95840000
5.73883057,-54.98798000
5.74035645,-56.17679000
5.74188232,-60.23141000
5.74340820,-63.43775000
5.74493408,-63.75803000
5.74645996,-61.24586000
5.74798584,-58.19973000
5.74951172,-56.91219000
5.75103760,-58.79481000
5.75256348,-64.80537000
5.75408936,-69.66376000
5.75561523,-68.02654000
5.75714111,-62.90945000
5.75866699,-60.75524000
5.76019287,-60.03235000
5.76171875,-61.27023000
5.76324463,-65.35860000
5.76477051,-60.98231000
5.76629639,-59.09821000
5.76782227,-64.37564000
5.76934814,-80.70514000
5.77087402,-70.17793000
5.77239990,-61.51695000
5.77392578,-57.48249000
5.77545166,-56.70148000
5.77697754,-60.19366000
5.77850342,-64.87055000
5.78002930,-68.73406000
5.78155518,-74.04101000
5.78308105,-72.32221000
5.78460693,-77.52848000
5.78613281,-61.32715000
5.78765869,-55.84865000
5.78918457,-56.60493000
5.79071045,-60.95734000
5.79223633,-62.73901000
5.79376221,-64.81178000
5.79528809,-58.73411000
5.79681396,-60.12905000
5.79833984,-64.37688000
5.79986572,-61.52061000
5.80139160,-62.48399000
5.80291748,-63.68044000
5.80444336,-64.04198000
5.80596924,-61.76790000
5.80749512,-61.79729000
5.80902100,-67.48557000
5.81054688,-73.26076000
5.81207275,-66.71884000
5.81359863,-61.01645000
5.81512451,-59.94406000
5.81665039,-60.95153000
5.81817627,-59.79260000
5.81970215,-56.85899000
5.82122803,-55.47094000
5.82275391,-55.56718000
5.82427979,-57.28997000
5.82580566,-60.37224000
5.82733154,-64.26633000
5.82885742,-70.60199000
5.83038330,-73.04960000
5.83190918,-65.59922000
5.83343506,-60.52332000
5.83496094,-56.86315000
5.83648682,-54.94197000
5.83801270,-55.56242000
5.83953857,-58.33128000
5.84106445,-61.56109000
5.84259033,-64.67944000
5.84411621,-81.17481000
5.84564209,-64.01964000
5.84716797,-58.19641000
5.84869385,-56.13542000
5.85021973,-55.78993000
5.85174561,-57.42393000
5.85327148,-63.21803000
5.85479736,-68.55408000
5.85632324,-65.15725000
5.85784912,-73.26495000
5.85937500,-67.25340000
5.86090088,-61.56323000
5.86242676,-60.81492000
5.86395264,-64.75502000
5.86547852,-70.91726000
5.86700439,-65.29052000
5.86853027,-59.85870000
5.87005615,-62.67118000
5.87158203,-72.38277000
5.87310791,-65.25040000
5.87463379,-61.57845000
5.87615967,-66.94572000
5.87768555,-68.76042000
5.87921143,-62.62490000
5.88073730,-62.76354000
5.88226318,-60.49570000
5.88378906,-64.86098000
5.88531494,-71.01729000
5.88684082,-65.87507000
5.88836670,-77.47293000
5.88989258,-72.09654000
5.89141846,-67.85747000
5.89294434,-65.89645000
5.89447021,-64.96575000
5.89599609,-60.60785000
5.89752197,-58.66801000
5.89904785,-60.31554000
5.90057373,-62.31224000
5.90209961,-61.22105000
5.90362549,-61.91096000
5.90515137,-63.31789000
5.90667725,-63.19542000
5.90820313,-64.08454000
5.90972900,-73.10217000
5.91125488,-69.43845000
5.91278076,-63.29343000
5.91430664,-60.34320000
5.91583252,-59.46830000
5.91735840,-60.19604000
5.91888428,-60.35067000
5.92041016,-59.14494000
5.92193604,-59.10011000
5.92346191,-62.98840000
5.92498779,-66.62154000
5.92651367,-59.99419000
5.92803955,-58.50053000
5.92956543,-59.91058000
5.93109131,-63.30328000
5.93261719,-63.09261000
5.93414307,-58.95535000
5.93566895,-56.90161000
5.93719482,-56.22554000
5.93872070,-58.04604000
5.94024658,-68.21425000
5.94177246,-64.39218000
5.94329834,-62.48459000
5.94482422,-69.84512000
5.94635010,-65.28207000
5.94787598,-66.45521000
5.94940186,-72.39995000
5.95092773,-64.82668000
5.95245361,-63.51364000
5.95397949,-62.78805000
5.95550537,-58.80733000
5.95703125,-54.34258000
5.95855713,-53.52736000
5.96008301,-57.30806000
5.96160889,-67.35684000
5.96313477,-62.23299000
5.96466064,-61.59766000
5.96618652,-64.08954000
5.96771240,-66.21308000
5.96923828,-65.17043000
5.97076416,-65.01862000
5.97229004,-71.33995000
5.97381592,-62.08077000
5.97534180,-57.05984000
5.97686768,-55.77463000
5.97839355,-56.73180000
5.97991943,-61.10115000
5.98144531,-69.37730000
5.98297119,-70.28819000
5.98449707,-74.48830000
5.98602295,-62.14226000
5.98754883,-62.26329000
5.98907471,-68.96497000
5.99060059,-65.24054000
5.99212646,-72.35862000
5.99365234,-71.02915000
5.99517822,-70.25942000
5.99670410,-64.29755000
5.99822998,-60.01139000
5.99975586,-59.50188000
6.00128174,-61.09615000
6.00280762,-64.38607000
6.00433350,-67.61588000
6.00585938,-67.25616000
6.00738525,-65.57817000
6.00891113,-62.75368000
6.01043701,-61.05571000
6.01196289,-62.27689000
6.01348877,-62.07856000
6.01501465,-62.88554000
6.01654053,-65.39305000
6.01806641,-66.62717000
6.01959229,-68.82048000
6.02111816,-72.53625000
6.02264404,-66.45419000
6.02416992,-61.13277000
6.02569580,-57.33376000
6.02722168,-57.81838000
6.02874756,-61.44337000
6.03027344,-63.09704000
6.03179932,-62.40661000
6.03332520,-60.67564000
6.03485107,-59.22131000
6.03637695,-60.64365000
6.03790283,-70.39471000
6.03942871,-61.13008000
6.04095459,-59.62254000
6.04248047,-58.40623000
6.04400635,-56.62251000
6.04553223,-61.87471000
6.04705811,-63.60602000
6.04858398,-58.49181000
6.05010986,-59.89886000
6.05163574,-63.33247000
6.05316162,-67.40012000
6.05468750,-73.06010000
6.05621338,-66.97452000
6.05773926,-60.54848000
6.05926514,-59.13018000
6.06079102,-60.02038000
6.06231689,-62.28962000
6.06384277,-66.21565000
6.06536865,-62.38464000
6.06689453,-58.70014000
6.06842041,-58.45023000
6.06994629,-58.96309000
6.07147217,-59.39388000
6.07299805,-58.78619000
6.07452393,-56.92699000
6.07604980,-58.53010000
6.07757568,-62.96095000
6.07910156,-66.44290000
6.08062744,-66.73419000
6.08215332,-60.83666000
6.08367920,-59.08167000
6.08520508,-59.87805000
6.08673096,-62.53291000
6.08825684,-67.07954000
6.08978271,-69.02699000
6.09130859,-73.00017000
6.09283447,-66.62200000
6.09436035,-62.68940000
6.09588623,-60.29845000
6.09741211,-56.67431000
6.09893799,-56.03828000
6.10046387,-57.51664000
6.10198975,-63.82423000
6.10351563,-63.61898000
6.10504150,-60.69772000
6.10656738,-63.67201000
6.10809326,-61.92976000
6.10961914,-55.69418000
6.11114502,-54.83954000
6.11267090,-57.38647000
6.11419678,-57.78072000
6.11572266,-58.20490000
6.11724854,-61.69300000
6.11877441,-65.59617000
6.12030029,-68.31013000
6.12182617,-62.20137000
6.12335205,-56.03061000
6.12487793,-55.14249000
6.12640381,-59.04243000
6.12792969,-60.14953000
6.12945557,-56.19293000
6.13098145,-55.78059000
6.13250732,-57.48861000
6.13403320,-58.77495000
6.13555908,-58.29213000
6.13708496,-57.12440000
6.13861084,-58.30088000
6.14013672,-63.97415000
6.14166260,-71.71205000
6.14318848,-65.95104000
6.14471436,-62.36868000
6.14624023,-59.33952000
6.14776611,-60.42934000
6.14929199,-67.81828000
6.15081787,-63.03480000
6.15234375,-67.27197000
6.15386963,-65.04659000
6.15539551,-58.85560000
6.15692139,-57.39051000
6.15844727,-59.75314000
6.15997314,-65.72881000
6.16149902,-66.31053000
6.16302490,-64.41467000
6.16455078,-77.67068000
6.16607666,-64.29439000
6.16760254,-63.18871000
6.16912842,-73.13287000
6.17065430,-66.91837000
6.17218018,-65.22990000
6.17370605,-64.02099000
6.17523193,-60.68710000
6.17675781,-59.03018000
6.17828369,-61.40034000
6.17980957,-66.36531000
6.18133545,-63.08373000
6.18286133,-62.75189000
6.18438721,-65.81745000
6.18591309,-76.80633000
6.18743896,-64.33804000
6.18896484,-59.82780000
6.19049072,-62.84801000
6.19201660,-69.85130000
6.19354248,-68.98625000
6.19506836,-68.54456000
6.19659424,-89.21951000
6.19812012,-66.45268000
6.19964600,-65.11138000
6.20117188,-68.84904000
6.20269775,-72.01046000
6.20422363,-70.25829000
6.20574951,-68.50464000
6.20727539,-60.98207000
6.20880127,-57.17691000
6.21032715,-58.02901000
6.21185303,-63.94574000
6.21337891,-64.30762000
6.21490479,-59.61376000
6.21643066,-60.32557000
6.21795654,-64.14149000
6.21948242,-60.35279000
6.22100830,-58.08298000
6.22253418,-58.69916000
6.22406006,-59.61918000
6.22558594,-59.84560000
6.22711182,-60.03847000
6.22863770,-60.06437000
6.23016357,-59.74096000
6.23168945,-61.74459000
6.23321533,-72.76246000
6.23474121,-64.11394000
6.23626709,-63.70494000
6.23779297,-63.52097000
6.23931885,-60.19419000
6.24084473,-66.63449000
6.24237061,-63.23819000
6.24389648,-57.11893000
6.24542236,-59.56138000
6.24694824,-68.97836000
6.24847412,-61.47837000
